call_mark,call_oi,call_volume,call_gamma,call_delta,call_vega,strike_price,put_gamma,put_delta,put_vega,put_volume,put_oi,put_mark,Expiry,timestamp_IST,max_pain
1952.16442673,100,0.281,0.00010938,0.91628412,7.39810115,63200,9.929e-05,-0.06543874,6.12937519,51.641999999999996,18847,36.79339025,26-07-2026,17:41,6776
1574.62295926,200,0.24200000000000002,0.00015379,0.87980898,9.63060921,63600,0.00014863,-0.10330989,8.64209855,13.831999999999997,2165,60.29795602,26-07-2026,17:41,4511
1394.59298426,418,0.5720000000000001,0.00018236,0.85316597,11.0535613,63800,0.0001806,-0.13185584,10.27307243,3.757999999999999,3719,79.17973231,26-07-2026,17:41,3469
1219.82826911,264,2.1200000000000006,0.00021447,0.81898322,12.6632266,64000,0.00021613,-0.16770106,12.06316291,19.56699999999999,9585,104.42876577,26-07-2026,17:41,2521
1052.95768285,6,0.518,0.00024864,0.77741554,14.33420055,64200,0.00025373,-0.21111354,13.90240233,2.253,1271,137.39357294,26-07-2026,17:41,1672
895.78769446,50,0.7570000000000001,0.00028258,0.7280302,15.95826233,64400,0.00029102,-0.26267814,15.68078145,6.1149999999999975,3081,180.03166422,26-07-2026,17:41,900
750.54828844,146,3.893,0.00031326,0.67070113,17.40046441,64600,0.00032411,-0.32264646,17.25634176,16.997,9711,234.96410416,26-07-2026,17:41,157
618.38689476,4168,26.020000000000003,0.00033723,0.6067469,18.49380066,64800,0.00035048,-0.38912563,18.4388673,6.415999999999997,2470,302.91507939,26-07-2026,17:41,-556
500.74407429,13017,47.98000000000003,0.00035164,0.53811787,19.09716472,65000,0.00036606,-0.46059062,19.09112045,20.386000000000017,3611,384.75855074,26-07-2026,17:41,-735
396.91020133,15524,44.277000000000015,0.00035591,0.46716944,19.11988887,65200,0.0003706,-0.53450984,19.1128136,12.028999999999996,5047,481.51185035,26-07-2026,17:41,-253
308.75511062,8683,23.902000000000005,0.00034772,0.39620544,18.53176404,65400,0.00036168,-0.60848509,18.4709719,7.758999999999999,1754,592.65296746,26-07-2026,17:41,502
236.29505678,6476,10.853999999999997,0.00032693,0.32870822,17.38804266,65600,0.00033887,-0.67897801,17.22015554,4.548999999999999,1905,720.81071632,26-07-2026,17:41,1256
178.84873746,4913,10.068999999999999,0.0002968,0.26721473,15.81789452,65800,0.00030565,-0.74357412,15.48684096,5.0329999999999995,1470,862.6739772,26-07-2026,17:41,2030
133.87704331,8304,17.761999999999993,0.000261,0.21327748,13.98563279,66000,0.00026576,-0.80046348,13.44428362,9.506,6863,1017.99047003,26-07-2026,17:41,2876
99.63324947,831,3.452,0.00022317,0.16761838,12.0593675,66200,0.00022296,-0.84938256,11.24316283,0.903,243,1183.42940435,26-07-2026,17:41,3478
73.05923935,4859,13.750999999999998,0.00018621,0.12961509,10.1520711,66400,0.00018015,-0.88986316,9.05053905,1.4260000000000002,0,1356.45715573,26-07-2026,17:41,4667
53.11243744,3850,13.927,0.00015199,0.0987821,8.36436472,66600,0.00013847,-0.92435352,6.85190249,,0,1536.13404983,26-07-2026,17:41,6010
38.03844473,7242,15.561999999999994,0.00012149,0.07413742,6.74745028,66800,9.863e-05,-0.95268305,4.74573607,1.34,500,1721.71568096,26-07-2026,17:41,7415
23.53587831,16459,38.872,7.964e-05,0.04669386,4.69558683,67200,3.847e-05,-0.98576451,1.74100331,2.194,570,2106.83334372,26-07-2026,17:41,10435
16.26200684,44547,114.52600000000001,5.392e-05,0.03147704,3.40493284,67600,0.0,-1.0,0.0,8.078,1517,2501.80001474,26-07-2026,17:41,14114
1926.01040395,100,0.281,0.00011213,0.91392805,7.54764937,63200,0.00010238,-0.06784404,6.29801104,51.641999999999996,18847,38.54701814,26-07-2026,17:43,6867
1550.56221164,200,0.24200000000000002,0.00015764,0.87607115,9.8321412,63600,0.0001531,-0.1075913,8.89260596,13.831999999999997,2165,63.01220132,26-07-2026,17:43,4600
1370.11091459,418,0.5720000000000001,0.00018672,0.84837382,11.28418185,63800,0.00018539,-0.13629014,10.50100695,3.757999999999999,3719,82.3905845,26-07-2026,17:43,3557
1196.10456377,264,2.1200000000000006,0.00021919,0.81365465,12.88396951,64000,0.00022141,-0.17281918,12.28793182,19.56699999999999,9559,108.2723849,26-07-2026,17:43,2607
1030.13282962,6,0.518,0.0002536,0.77126668,14.5456116,64200,0.00025916,-0.21762328,14.13889329,2.253,1271,142.50048748,26-07-2026,17:43,1754
874.15027073,50,0.7570000000000001,0.00028755,0.7207666,16.1535148,64400,0.00029624,-0.27039318,15.89939988,6.1149999999999975,3081,186.49521019,26-07-2026,17:43,982
730.40726529,146,3.893,0.00031749,0.66229352,17.56071634,64600,0.00032913,-0.33118593,17.4266158,16.997,9711,242.77058935,26-07-2026,17:43,236
600.41048232,4168,26.020000000000003,0.00034032,0.59745587,18.5946405,64800,0.0003539,-0.39877559,18.54923477,6.415999999999997,2470,312.65894256,26-07-2026,17:43,-484
484.85245239,13019,47.98000000000003,0.00035332,0.52827232,19.12139855,65000,0.00036796,-0.47083437,19.11830583,20.386000000000017,3611,397.20702725,26-07-2026,17:43,-674
383.24159447,15524,44.277000000000015,0.00035598,0.45703386,19.05832714,65200,0.00037079,-0.54505384,19.0472934,12.028999999999996,5047,495.40842246,26-07-2026,17:43,-216
296.41329163,8683,23.902000000000005,0.0003462,0.38618836,18.38408829,65400,0.00036008,-0.61898552,18.3104371,7.758999999999999,1754,608.62197085,26-07-2026,17:43,511
226.1836899,6476,10.853999999999997,0.00032387,0.31917912,17.16505294,65600,0.00033558,-0.68909421,16.9735406,4.548999999999999,1905,738.44552556,26-07-2026,17:43,1251
170.68560124,4913,10.068999999999999,0.00029268,0.2582598,15.53208447,65800,0.0003011,-0.75309615,15.16852913,5.0329999999999995,1470,882.51407276,26-07-2026,17:43,2015
127.40951562,8304,17.761999999999993,0.00025597,0.20554677,13.67416798,66000,0.00026008,-0.80877657,13.09095216,9.506,6863,1039.36392342,26-07-2026,17:43,2855
94.05460782,831,3.452,0.00021787,0.16062602,11.72126987,66200,0.00021672,-0.8566576,10.86729556,0.903,243,1206.12576109,26-07-2026,17:43,3436
68.94641664,4859,13.750999999999998,0.00018098,0.12400884,9.83661046,66400,0.00017344,-0.89677372,8.63011756,1.4260000000000002,0,1380.40917822,26-07-2026,17:43,4625
49.33121352,3850,13.927,0.00014681,0.09365863,8.03678843,66600,0.00013142,-0.93039002,6.42405095,,0,1561.1184293,26-07-2026,17:43,5966
35.4685036,7242,15.561999999999994,0.00011688,0.07017988,6.46443013,66800,9.194e-05,-0.95731117,4.36498315,1.34,500,1747.24754443,26-07-2026,17:43,7369
21.72550723,16459,38.872,7.637e-05,0.04419035,4.48851147,67200,3.005e-05,-0.98981963,1.30079282,2.194,570,2133.35088952,26-07-2026,17:43,10386
14.9834652,44547,114.52600000000001,5.162e-05,0.02979248,3.25072636,67600,0.0,-1.0,0.0,8.078,1517,2529.90001058,26-07-2026,17:43,14060
1711.75327761,100,0.281,0.00013635,0.89383821,8.72189564,63200,0.00012951,-0.08891211,7.65791316,51.461,18821,52.89994351,26-07-2026,18:19,6432
1345.79707287,200,0.24200000000000002,0.00019115,0.84409937,11.38255871,63600,0.00019042,-0.14168702,10.67789624,15.009,2665,87.09764798,26-07-2026,18:19,4216
1171.57639299,418,0.5720000000000001,0.00022415,0.80859807,12.97149259,63800,0.00022678,-0.1784017,12.41672103,3.914999999999999,3707,113.21762075,26-07-2026,18:19,3209
1006.06948376,258,2.1260000000000003,0.00025906,0.76539103,14.60961901,64000,0.00026496,-0.22390507,14.2320841,19.43899999999999,10141,148.09589198,26-07-2026,18:19,2289
851.56228031,50,0.5800000000000001,0.00029314,0.71404011,16.1815338,64200,0.0003022,-0.27771674,15.95470486,2.277,1295,192.95957118,26-07-2026,18:19,1445
708.08230451,50,0.7570000000000001,0.00032288,0.65417134,17.5480507,64400,0.00033465,-0.33966359,17.42932178,6.435999999999997,3172,249.39350033,26-07-2026,18:19,732
580.10996333,326,3.918,0.00034419,0.58829753,18.51734019,64600,0.00035793,-0.40849118,18.48238319,14.694999999999997,9786,321.02198121,26-07-2026,18:19,29
466.42051984,3295,29.313000000000002,0.00035597,0.51819492,18.96410085,64800,0.00037005,-0.48127813,18.96316621,6.824999999999997,2671,407.81544948,26-07-2026,18:19,-692
368.7838268,15152,50.90400000000003,0.00035549,0.44679854,18.81487812,65000,0.00036982,-0.55557841,18.79946721,21.682000000000016,4864,509.2661201,26-07-2026,18:19,-954
283.97227422,17157,43.74600000000002,0.0003445,0.37602553,18.05982117,65200,0.00035861,-0.62978492,17.9703992,11.485999999999995,4861,624.51734201,26-07-2026,18:19,-549
213.95203061,8991,24.709,0.00032246,0.30809939,16.74282474,65400,0.00033367,-0.70060169,16.53009639,8.316999999999998,1804,756.00365512,26-07-2026,18:19,169
159.43764588,6476,10.679999999999996,0.0002897,0.24728266,15.0338417,65600,0.00029761,-0.76498847,14.62347055,4.455999999999999,1905,901.09782345,26-07-2026,18:19,975
117.97930146,6582,10.084999999999997,0.00025146,0.19538467,13.13557621,65800,0.00025473,-0.81994132,12.4892233,4.997999999999999,1469,1058.52862635,26-07-2026,18:19,1824
86.98202296,8957,18.25999999999999,0.0002123,0.15214411,11.20030871,66000,0.00021002,-0.86562762,10.29889259,17.524,1938,1227.69997872,26-07-2026,18:19,2825
64.23645112,947,3.5269999999999992,0.00017547,0.11782462,9.39690198,66200,0.00016663,-0.90332558,8.14684693,0.8430000000000001,243,1405.65831337,26-07-2026,18:19,3962
47.48290718,5059,12.193999999999999,0.00014281,0.09088015,7.78360857,66400,0.00012738,-0.93252148,6.21103268,1.4080000000000001,0,1588.17471524,26-07-2026,18:19,5254
34.41591422,3850,13.927,0.00011451,0.06944952,6.35052243,66600,8.874e-05,-0.95883004,4.19778809,,0,1773.96810079,26-07-2026,18:19,6700
25.17383783,7721,17.175999999999995,8.999e-05,0.05181403,5.04900566,66800,5.41e-05,-0.97856223,2.4435649,1.34,500,1962.89724416,26-07-2026,18:19,8211
15.42931861,16459,38.364999999999995,5.777e-05,0.03207179,3.42184293,67200,0.0,-1.0,0.0,2.194,570,2358.50005173,26-07-2026,18:19,11459
10.75206819,55392,125.438,3.962e-05,0.02225248,2.52174185,67600,0.0,-1.0,0.0,8.578,1867,2758.50000055,26-07-2026,18:19,15357
1724.4603191,100,0.281,0.00013386,0.89691404,8.53804065,63200,0.00012676,-0.08616212,7.480369,49.183,18821,49.8249869,26-07-2026,18:20,6395
1358.18708565,200,0.24200000000000002,0.0001884,0.8472604,11.22930597,63600,0.00018724,-0.13786964,10.48139831,15.008,2665,83.57872436,26-07-2026,18:20,4181
1183.77366453,418,0.5720000000000001,0.00022129,0.81270758,12.7992371,63800,0.00022352,-0.17453133,12.24551463,3.914999999999999,3787,109.13314018,26-07-2026,18:20,3174
1017.6656415,258,2.1260000000000003,0.00025621,0.77000427,14.44898483,64000,0.00026193,-0.2188669,14.04795576,19.620999999999988,10141,142.83981983,26-07-2026,18:20,2255
862.20573751,50,0.5800000000000001,0.00029043,0.71826055,16.06592569,64200,0.00029961,-0.27207379,15.7939747,2.277,1295,187.18412242,26-07-2026,18:20,1417
719.35945123,50,0.7570000000000001,0.00032086,0.65991255,17.43739704,64400,0.00033173,-0.33418394,17.31937856,6.475999999999997,3172,244.33112733,26-07-2026,18:20,705
590.13922911,326,4.023,0.00034339,0.59433753,18.45042391,64600,0.00035682,-0.40218088,18.41023667,14.693999999999999,9786,315.03908855,26-07-2026,18:20,3
476.10574653,3295,29.313000000000002,0.00035535,0.52448139,18.9479638,64800,0.00036977,-0.47483508,18.94607685,7.785999999999998,2671,400.50372798,26-07-2026,18:20,-712
376.13206722,15167,50.83800000000004,0.00035683,0.45294885,18.85159135,65000,0.00037085,-0.54918831,18.83929487,20.36400000000001,4864,500.36238825,26-07-2026,18:20,-969
290.20604455,17162,44.81300000000002,0.00034657,0.3818859,18.14559746,65200,0.00036007,-0.62334671,18.06910882,11.485999999999995,4861,614.31245015,26-07-2026,18:20,-547
218.31988157,8991,24.822000000000003,0.00032524,0.31357902,16.87135882,65400,0.00033632,-0.69456355,16.6786396,8.316999999999998,1804,743.26009936,26-07-2026,18:20,187
162.86020582,6476,11.037999999999997,0.00029297,0.25215931,15.19044144,65600,0.0003012,-0.7596935,14.80323665,4.455999999999999,1905,887.18798952,26-07-2026,18:20,999
120.49842791,6582,11.739999999999997,0.00025505,0.19906284,13.28449705,65800,0.00025852,-0.81556764,12.6775738,4.997999999999999,1469,1045.02645978,26-07-2026,18:20,1854
89.45690843,8849,18.944999999999993,0.00021572,0.15572208,11.37384928,66000,0.00021387,-0.86171316,10.5029084,20.501,1938,1213.96509135,26-07-2026,18:20,2859
66.70310151,947,3.635,0.0001788,0.12135633,9.59462177,66200,0.00017093,-0.89913282,8.40388783,0.8430000000000001,243,1391.19309331,26-07-2026,18:20,3998
49.66921116,5059,13.192999999999998,0.00014558,0.09325494,7.93355878,66400,0.0001314,-0.92925293,6.44153673,1.4080000000000001,0,1574.05236012,26-07-2026,18:20,5289
36.45342291,3850,13.927,0.00011685,0.07118133,6.47189511,66600,9.407e-05,-0.95491213,4.51757076,,0,1760.68043517,26-07-2026,18:20,6734
26.78765468,7721,17.175999999999995,9.284e-05,0.05420913,5.23317472,66800,5.846e-05,-0.97609722,2.67831784,1.34,500,1950.61737287,26-07-2026,18:20,8245
15.9958303,16459,38.364,5.915e-05,0.03298817,3.50217947,67200,0.0,-1.0,0.0,2.194,570,2341.00006223,26-07-2026,18:20,11490
11.02494941,55392,125.31400000000002,3.998e-05,0.02235538,2.53155074,67600,0.0,-1.0,0.0,8.728,1867,2742.20000067,26-07-2026,18:20,15387
1314.52861419,0,,0.00019629,0.83991288,11.26000153,62800,0.0001961,-0.14690623,10.63679744,0.4740000000000001,300,89.15355762,26-07-2026,19:44,7817
976.61956631,105,0.31700000000000006,0.00026592,0.75897295,14.41475284,63200,0.00027206,-0.23079361,14.07404962,92.17799999999991,11618,151.27971648,26-07-2026,19:44,5481
823.05101981,150,0.15000000000000002,0.0003006,0.706054,15.93513797,63400,0.00030952,-0.285748,15.72546296,0.47900000000000004,300,197.48206428,26-07-2026,19:44,4383
681.92828153,3552,3.492,0.00033032,0.64512483,17.22027788,63600,0.00034196,-0.34960019,17.1276423,23.452999999999996,7694,256.7004542,26-07-2026,19:44,3466
556.2927772,591,1.4650000000000003,0.00035026,0.57751197,18.10589448,63800,0.00036416,-0.41976313,18.08074929,9.591999999999999,3851,331.18752392,26-07-2026,19:44,2812
444.13353907,3386,7.719000000000001,0.00036128,0.50636746,18.45307602,64000,0.00037521,-0.4936099,18.45292006,29.35099999999998,6189,419.09231911,26-07-2026,19:44,2107
344.22921133,4879,5.5089999999999995,0.00036235,0.43327821,18.19665329,64200,0.00037694,-0.56985969,18.1715967,5.837999999999997,2319,518.18677915,26-07-2026,19:44,1580
259.36228187,11177,13.931999999999999,0.00035057,0.36029318,17.31192632,64400,0.00036397,-0.64601224,17.20507808,11.310999999999996,1358,634.26852446,26-07-2026,19:44,1354
191.62702599,16572,25.015000000000004,0.00032501,0.29095292,15.85950407,64600,0.00033543,-0.71800045,15.6260681,33.746999999999986,4533,765.69219881,26-07-2026,19:44,1534
139.15343823,3985,36.610000000000014,0.00028881,0.22959376,14.03335595,64800,0.00029548,-0.78428253,13.54303319,9.861999999999998,2043,913.09482406,26-07-2026,19:44,1903
99.41257675,17598,55.52400000000004,0.00024707,0.1768244,12.00364983,65000,0.00024772,-0.8390049,11.30153822,20.824999999999985,3511,1073.20195074,26-07-2026,19:44,2291
69.77562474,25786,50.44000000000001,0.00020392,0.13293308,9.93808964,65200,0.00019781,-0.88682392,8.8776016,14.371999999999996,4157,1244.29528758,26-07-2026,19:44,3030
48.52178581,10532,34.446000000000005,0.0001636,0.09799138,7.99919198,65400,0.00014813,-0.92574422,6.49879571,8.008999999999999,1634,1421.59649492,26-07-2026,19:44,4233
33.9806978,12498,19.742999999999995,0.0001282,0.07196363,6.34468458,65600,0.00010288,-0.95479595,4.40091728,4.949999999999998,1942,1608.54198995,26-07-2026,19:44,5835
24.42367808,2428,20.705,9.982e-05,0.05351519,5.03588329,65800,6.238e-05,-0.97664859,2.5531877,6.235999999999999,771,1798.34507499,26-07-2026,19:44,7637
17.64400568,26016,43.33699999999999,7.665e-05,0.03938546,3.9365901,66000,7.72e-06,-0.99841721,0.23706276,30.300000000000004,2124,1991.52005917,26-07-2026,19:44,9641
12.37819492,4503,12.515,5.832e-05,0.02888033,3.04982366,66200,0.0,-1.0,0.0,1.108,50,2191.40014838,26-07-2026,19:44,11963
9.31114666,6405,22.689999999999998,4.537e-05,0.02211906,2.43909849,66400,0.0,-1.0,0.0,0.7900000000000001,0,2391.40001667,26-07-2026,19:44,14747
7.47628909,4945,22.187,3.594e-05,0.01743661,1.99306011,66600,0.0,-1.0,0.0,0.005,5,2591.4000016,26-07-2026,19:44,17671
6.88450214,15571,26.2,3.11e-05,0.01565268,1.81721981,66800,0.0,-1.0,0.0,1.3900000000000001,450,2791.40000013,26-07-2026,19:44,20691
5.57761093,11842,80.02600000000001,2.239e-05,0.01173479,1.41715568,67200,0.0,-1.0,0.0,2.9640000000000004,500,3191.4,26-07-2026,19:44,27251
3.93112304,40606,165.34500000000003,1.565e-05,0.00833902,1.0516721,67600,0.0,-1.0,0.0,10.177,3300,3591.4,26-07-2026,19:44,34267
1270.15944881,0,,0.00020177,0.83886515,11.2990978,62800,0.00020553,-0.1557699,11.0471805,0.4740000000000001,300,96.14036816,26-07-2026,19:46,7953
935.94624164,105,0.32600000000000007,0.00027501,0.7462425,14.80050127,63200,0.00028043,-0.24278981,14.45748778,91.85899999999991,11618,162.69960198,26-07-2026,19:46,5601
786.44379696,150,0.15000000000000002,0.00030621,0.69496207,16.19088986,63400,0.0003153,-0.29542466,15.95974257,0.47900000000000004,300,211.69819749,26-07-2026,19:46,4481
648.83936495,3552,3.492,0.00033595,0.63057857,17.44039752,63600,0.00034798,-0.36461953,17.36505153,23.955,8194,274.62161556,26-07-2026,19:46,3555
526.67940125,880,1.8150000000000002,0.0003539,0.56204831,18.21377238,63800,0.00036845,-0.4361757,18.20042663,9.677,3851,352.2197781,26-07-2026,19:46,2864
418.3441772,3386,8.076,0.00036212,0.49499826,18.43960398,64000,0.000378,-0.51235971,18.42676392,29.615999999999985,6079,443.9167462,26-07-2026,19:46,2173
322.61687041,4979,5.608999999999999,0.00036067,0.41849384,18.05220609,64200,0.00037761,-0.58460244,18.02304029,6.070999999999997,2319,547.95027508,26-07-2026,19:46,1633
240.90196518,11187,14.046999999999999,0.00034481,0.3418659,16.96682128,64400,0.00035713,-0.66413159,16.85217878,10.537999999999993,1358,667.02692055,26-07-2026,19:46,1400
176.42148818,16881,24.985000000000003,0.00031811,0.2796047,15.54817959,64600,0.00032743,-0.73347181,15.18160803,33.746999999999986,4533,802.646135,26-07-2026,19:46,1563
127.23476403,3985,36.62000000000001,0.00028291,0.21905055,13.65292819,64800,0.00028564,-0.79914586,12.97151616,9.822,2043,953.02845641,26-07-2026,19:46,1910
90.31867575,17598,55.54100000000004,0.00023566,0.16406013,11.42842149,65000,0.00023521,-0.852475,10.65523633,20.829999999999984,3511,1116.29878549,26-07-2026,19:46,2299
63.5868256,25786,50.44100000000002,0.00019457,0.12430349,9.47643043,65200,0.00018688,-0.8956163,8.36772383,14.371999999999996,4157,1289.31407139,26-07-2026,19:46,3021
44.17860534,10532,34.446000000000005,0.00015396,0.09083597,7.55573786,65400,0.00013549,-0.93602681,5.7884106,8.008999999999999,1634,1469.78852522,26-07-2026,19:46,4203
30.95085005,13137,20.461999999999993,0.00012023,0.06640573,5.9573076,65600,9.432e-05,-0.96010537,3.97479509,4.949999999999998,1942,1657.04948651,26-07-2026,19:46,5807
21.88484715,2428,20.639999999999997,9.385e-05,0.04964558,4.73944295,65800,4.415e-05,-0.98558477,1.69114071,6.228999999999999,771,1848.26808425,26-07-2026,19:46,7625
15.72958818,26016,43.38699999999999,7.176e-05,0.03638455,3.68643356,66000,0.0,-0.99999998,4.02e-06,30.300000000000004,2124,2042.40066721,26-07-2026,19:46,9651
11.2227061,4503,12.515,5.462e-05,0.02677494,2.86061317,66200,0.0,-1.0,0.0,1.108,50,2242.40008392,26-07-2026,19:46,11984
8.46943266,6405,22.689999999999998,4.184e-05,0.02006418,2.24371123,66400,0.0,-1.0,0.0,0.7900000000000001,0,2442.40000902,26-07-2026,19:46,14795
6.95741062,4945,22.187,3.383e-05,0.01633086,1.88260581,66600,0.0,-1.0,0.0,0.005,5,2642.40000083,26-07-2026,19:46,17746
6.36366232,15571,26.2,2.942e-05,0.0146567,1.71605125,66800,0.0,-1.0,0.0,1.3900000000000001,450,2842.40000007,26-07-2026,19:46,20792
4.888229,11842,80.02600000000001,2.092e-05,0.01080771,1.31828241,67200,0.0,-1.0,0.0,2.9640000000000004,500,3242.4,26-07-2026,19:46,27403
3.47130143,40606,165.35500000000002,1.42e-05,0.00742357,0.94848152,67600,0.0,-1.0,0.0,10.177,3300,3642.4,26-07-2026,19:46,34469
1469.70503935,0,,0.00016973,0.86240744,10.11495686,62400,,,,,,,26-07-2026,19:58,10580
1122.01298322,12,,0.00023264,0.79640142,13.01293357,62800,0.00023571,-0.19172055,12.5490004,1.303,3045.0,124.89887867,26-07-2026,19:58,7999
808.45887327,205,0.33100000000000007,0.00030003,0.69847943,16.02651177,63200,0.00030951,-0.29356838,15.83238751,92.64199999999991,11649.0,211.01381423,26-07-2026,19:58,5504
667.8944008,0,0.2,0.00032956,0.63759311,17.24406261,63400,0.00034194,-0.35719563,17.1579737,1.359,1180.0,270.65378213,26-07-2026,19:58,4283
542.21701464,3642,3.542,0.00035013,0.5718361,18.04925295,63600,0.0003631,-0.42570595,18.0284874,24.441999999999993,8297.0,345.57300095,26-07-2026,19:58,3283
432.80728179,3265,6.291,0.00036,0.49684227,18.34349217,63800,0.00037617,-0.50367938,18.34328507,11.376999999999999,4941.0,435.45051318,26-07-2026,19:58,2464
337.50818295,10193,14.878999999999998,0.00035753,0.42724731,18.04044194,64000,0.0003714,-0.57453371,18.02630795,30.172999999999973,6158.0,540.10712645,26-07-2026,19:58,1825
254.8200316,9263,9.918,0.00034464,0.35566576,17.13221783,64200,0.00035689,-0.65047783,17.02524799,9.022999999999996,3277.0,657.96871296,26-07-2026,19:58,1598
187.0476433,12353,15.422999999999998,0.00031983,0.28757775,15.68009326,64400,0.00033007,-0.72195486,15.42827133,10.731999999999992,1346.0,789.91997363,26-07-2026,19:58,1631
134.54187682,18527,26.950000000000003,0.00028409,0.22537046,13.80509331,64600,0.00028831,-0.78935298,13.27596193,34.02299999999999,4600.0,937.67774859,26-07-2026,19:58,2042
96.13344787,4292,37.64500000000001,0.00024241,0.17366519,11.79687898,64800,0.00024107,-0.8459659,10.91163806,9.851999999999999,2010.0,1098.39787662,26-07-2026,19:58,2609
68.47319425,18271,56.25900000000003,0.0002008,0.13187411,9.82542121,65000,0.00019476,-0.88750873,8.78731054,21.50499999999999,2986.0,1270.34461842,26-07-2026,19:58,3304
48.12027345,35786,60.942000000000014,0.00016194,0.09851498,7.9834419,65200,0.00014431,-0.927093,6.36966673,14.547999999999995,4157.0,1450.79404563,26-07-2026,19:58,4350
34.19504207,14653,36.84700000000001,0.00012746,0.07283245,6.36570612,65400,0.00010321,-0.95351702,4.47411325,7.968999999999998,1630.0,1637.09842593,26-07-2026,19:58,6018
24.57311969,13223,20.783999999999995,0.00010001,0.05467976,5.0924782,65600,6.173e-05,-0.97646698,2.55434437,4.709999999999999,1932.0,1826.30876932,26-07-2026,19:58,8226
18.11077501,2124,20.950999999999993,7.75e-05,0.0407495,4.02337183,65800,1.677e-05,-0.99571378,0.57956705,6.084,771.0,2019.73003597,26-07-2026,19:58,10633
13.34878202,26006,43.69899999999999,5.968e-05,0.03038855,3.16278482,66000,0.0,-1.0,0.0,30.050000000000004,2124.0,2219.00009525,26-07-2026,19:58,13267
9.90169468,4503,12.532999999999998,4.715e-05,0.02373043,2.5728399,66200,0.0,-1.0,0.0,1.108,50.0,2419.00001022,26-07-2026,19:58,16179
7.89332505,8805,22.255,3.657e-05,0.01817787,2.05266526,66400,0.0,-1.0,0.0,0.19,0.0,2619.00000093,26-07-2026,19:58,19610
6.91965617,4210,24.337000000000003,3.084e-05,0.01558579,1.79994229,66600,0.0,-1.0,0.0,0.005,5.0,2819.00000007,26-07-2026,19:58,23232
6.88226725,15571,26.517000000000003,2.78e-05,0.01479201,1.72078319,66800,0.0,-1.0,0.0,1.3900000000000001,450.0,3019.0,26-07-2026,19:58,26934
4.93291925,11828,81.059,1.922e-05,0.01035579,1.26362373,67200,0.0,-1.0,0.0,3.064,600.0,3419.0,26-07-2026,19:58,34849
1.98342153,40606,166.13000000000005,9.42e-06,0.00455082,0.61146392,67600,0.0,-1.0,0.0,10.175999999999998,3300.0,3819.0,26-07-2026,19:58,43187
1493.39351265,0,,0.00016565,0.86990594,9.73213922,62400,,,,,,,26-07-2026,20:00,10483
1142.95240717,12,,0.00023008,0.80403659,12.71546266,62800,0.000233,-0.18393106,12.22964425,1.303,3048.0,116.60002507,26-07-2026,20:00,7905
965.96813906,0,,0.00026567,0.75763944,14.36993145,63000,0.00027118,-0.22998238,13.96230164,,0.0,154.10975984,26-07-2026,20:00,6642
825.30258597,205,0.33100000000000007,0.00030048,0.70672907,15.82215055,63200,0.00030921,-0.28558885,15.62623009,92.64199999999991,11649.0,198.97628928,26-07-2026,20:00,5415
683.54603854,0,0.2,0.00033068,0.64815016,17.06580544,63400,0.0003435,-0.34817959,16.9989712,1.359,1180.0,256.88548171,26-07-2026,20:00,4209
555.66390533,3642,3.542,0.00035344,0.57862193,17.9865509,63600,0.00036684,-0.41858484,17.96061418,24.441999999999993,8297.0,329.55536492,26-07-2026,20:00,3211
443.74818648,3265,6.291,0.00036389,0.5064838,18.34123256,63800,0.00037847,-0.49371495,18.34129109,11.376999999999999,4941.0,417.95522992,26-07-2026,20:00,2412
346.01723568,10213,14.878999999999998,0.00036297,0.43372207,18.09009628,64000,0.00037747,-0.56925804,18.06681644,30.172999999999973,6105.0,520.68982499,26-07-2026,20:00,1786
261.73223764,9302,9.918,0.00035093,0.36090457,17.21754432,64200,0.00036457,-0.64302303,17.15385285,9.022999999999996,3277.0,635.96449441,26-07-2026,20:00,1583
192.36787031,12353,15.422999999999998,0.00032595,0.2909965,15.7648795,64400,0.0003364,-0.71826049,15.52479518,10.731999999999992,1346.0,766.44736451,26-07-2026,20:00,1632
138.85756229,18527,26.950000000000003,0.00029093,0.23004642,13.96519926,64600,0.00029593,-0.78362913,13.48505659,34.02299999999999,4600.0,912.45438781,26-07-2026,20:00,2054
99.33097405,4292,37.64500000000001,0.00024722,0.17546656,11.87287579,64800,0.00024779,-0.84123858,11.13086941,9.851999999999999,2010.0,1074.14193499,26-07-2026,20:00,2641
70.60248707,22246,56.25900000000003,0.00020407,0.13248737,9.85530743,65000,0.00019765,-0.88787407,8.76546499,21.50499999999999,2986.0,1244.64782039,26-07-2026,20:00,3344
50.00778416,35878,60.942000000000014,0.0001639,0.09860947,7.9874692,65200,0.00015062,-0.92255464,6.66966244,14.547999999999995,4157.0,1425.01874598,26-07-2026,20:00,4510
35.29581125,14753,36.84700000000001,0.00012835,0.07200752,6.30937374,65400,9.934e-05,-0.95776956,4.14069018,7.968999999999998,1630.0,1609.61728062,26-07-2026,20:00,6279
25.21251096,13223,20.783999999999995,9.922e-05,0.05279176,4.95176321,65600,6.534e-05,-0.97486169,2.6998773,4.709999999999999,1932.0,1799.92897298,26-07-2026,20:00,8578
18.4901467,2124,20.950999999999993,7.674e-05,0.03940965,3.91481907,65800,1.705e-05,-0.99567842,0.58376637,6.084,771.0,1992.86670113,26-07-2026,20:00,11076
13.60547028,26016,43.69899999999999,5.939e-05,0.02973624,3.10585385,66000,0.0,-1.0,0.0,30.050000000000004,2124.0,2190.50012919,26-07-2026,20:00,13796
10.3683801,4503,12.532999999999998,4.655e-05,0.02300101,2.50565712,66200,0.0,-1.0,0.0,1.108,50.0,2390.50001417,26-07-2026,20:00,16799
8.36966718,8805,22.255,3.826e-05,0.01917807,2.14835564,66400,0.0,-1.0,0.0,0.19,0.0,2590.50000133,26-07-2026,20:00,20316
7.65746098,4210,24.337000000000003,3.225e-05,0.01650836,1.89051862,66600,0.0,-1.0,0.0,0.005,5.0,2790.50000011,26-07-2026,20:00,24023
7.13565301,15571,26.517000000000003,2.809e-05,0.01486857,1.72821179,66800,0.0,-1.0,0.0,1.3900000000000001,450.0,2990.50000001,26-07-2026,20:00,27809
4.98977174,11828,81.059,1.94e-05,0.01040276,1.2684414,67200,0.0,-1.0,0.0,3.064,600.0,3390.5,26-07-2026,20:00,35895
2.60093664,40606,166.13000000000005,1.088e-05,0.00547841,0.72118574,67600,0.0,-1.0,0.0,10.175999999999998,3300.0,3790.5,26-07-2026,20:00,44405
1795.29824652,0,,0.0001181,0.91789117,6.90860978,62400,,,,,,,26-07-2026,21:18,10547
1414.93001529,12,0.012,0.0001712,0.88092469,9.06515275,62800,0.00016565,-0.10301593,8.17141509,15.357,7950.0,53.04041929,26-07-2026,21:18,7601
1231.61716826,0,0.11399999999999999,0.00020652,0.85322942,10.47078601,63000,0.00020437,-0.13111463,9.69653319,4.276,3975.0,69.3636686,26-07-2026,21:18,6247
1055.11091805,214,0.6920000000000001,0.00024892,0.8153106,12.14979585,63200,0.00025058,-0.17008989,11.53470627,97.41199999999989,8806.0,92.97994081,26-07-2026,21:18,4986
887.22197541,0,0.4,0.00029292,0.76712489,13.93253192,63400,0.00030115,-0.22138434,13.53981344,3.0429999999999997,773.0,125.8175928,26-07-2026,21:18,3873
732.65122139,3558,3.7169999999999996,0.00033842,0.70797426,15.64764782,63600,0.00035032,-0.28276904,15.41102343,27.766999999999996,9272.0,170.64089181,26-07-2026,21:18,2825
591.58307532,2562,19.502999999999997,0.00037622,0.64034494,17.04172114,63800,0.00039134,-0.35371348,16.94226799,15.264999999999997,6726.0,229.90654316,26-07-2026,21:18,2146
466.0713973,10695,18.921,0.0004037,0.56227115,17.95557178,64000,0.00042249,-0.43497785,17.93565709,35.72199999999998,6566.0,304.02149901,26-07-2026,21:18,1547
357.30804945,6880,19.808,0.00041451,0.48163447,18.15930532,64200,0.00043311,-0.51945445,18.15700957,11.851999999999997,2451.0,394.72978187,26-07-2026,21:18,1595
266.08531906,12995,18.313,0.00040597,0.39745171,17.57365011,64400,0.00042312,-0.60738148,17.5150225,10.789999999999992,1645.0,503.78086679,26-07-2026,21:18,1680
193.97459054,18607,28.969000000000012,0.00037795,0.31980223,16.29106354,64600,0.00039226,-0.68876836,16.10339409,32.49099999999999,4604.0,632.4071104,26-07-2026,21:18,2172
139.52622957,6205,40.094000000000015,0.00033384,0.2486237,14.43683263,64800,0.00034422,-0.76275421,14.07631552,9.843999999999998,1939.0,777.76667166,26-07-2026,21:18,2935
98.68497121,22751,80.27300000000004,0.0002832,0.1894942,12.34435212,65000,0.00028619,-0.82700776,11.65951064,22.06599999999999,2997.0,936.57203854,26-07-2026,21:18,3727
68.73840336,36867,94.334,0.00023168,0.14152455,10.21635518,65200,0.0002266,-0.88026005,9.10128025,15.268999999999995,5157.0,1106.69190414,26-07-2026,21:18,5041
47.61057186,16884,54.443000000000005,0.0001839,0.10352125,8.20049906,65400,0.00016915,-0.92025524,6.75790727,7.953999999999999,1580.0,1284.7937705,26-07-2026,21:18,6936
32.96398093,14135,24.288999999999994,0.00014221,0.07473028,6.43216654,65600,0.00011493,-0.95304105,4.4695548,4.709999999999999,1932.0,1470.93801606,26-07-2026,21:18,9394
22.83566424,8697,29.20599999999999,0.00010871,0.05411165,5.00407427,65800,6.259e-05,-0.97922134,2.27873455,5.999999999999999,771.0,1660.26082122,26-07-2026,21:18,12058
15.7533835,21209,59.59400000000001,8.071e-05,0.03800021,3.766052,66000,0.0,-1.0,1e-08,30.028000000000006,2124.0,1854.10312976,26-07-2026,21:18,15041
10.92407069,19977,30.648,6.048e-05,0.02756253,2.88952747,66200,0.0,-1.0,0.0,1.1580000000000001,10.0,2054.10043381,26-07-2026,21:18,18239
7.73261598,7754,25.288999999999998,4.558e-05,0.02031562,2.23575833,66400,0.0,-1.0,0.0,0.15,0.0,2254.10005114,26-07-2026,21:18,22216
5.82343841,6210,26.454,3.478e-05,0.01531405,1.75663436,66600,0.0,-1.0,0.0,0.005,5.0,2454.10000513,26-07-2026,21:18,26335
4.86359678,16581,33.125,2.804e-05,0.01252444,1.4768966,66800,0.0,-1.0,0.0,1.3900000000000001,450.0,2654.10000044,26-07-2026,21:18,30575
3.88210961,20628,91.173,2.006e-05,0.00944895,1.15578355,67200,0.0,-1.0,0.0,3.0650000000000004,601.0,3054.1,26-07-2026,21:18,39619
3.90538177,44122,155.74599999999998,1.66e-05,0.00859104,1.06326762,67600,0.0,-1.0,0.0,10.178999999999998,3303.0,3454.1,26-07-2026,21:18,49448
1769.29964471,0,,0.00012081,0.91535209,7.06479618,62400,,,,,,,26-07-2026,21:19,10682
1391.5463503,12,0.012,0.0001717,0.87868558,9.18315468,62800,0.00017064,-0.10661907,8.37198044,15.357,7950.0,55.75570783,26-07-2026,21:19,7727
1207.37787377,0,0.11399999999999999,0.00021039,0.85015288,10.61149183,63000,0.00020851,-0.1344785,9.86210099,4.276,3975.0,72.85879717,26-07-2026,21:19,6366
1032.51480818,214,0.6920000000000001,0.000255,0.809508,12.37627248,63200,0.00025557,-0.17429976,11.7098228,97.41199999999989,8806.0,97.38277886,26-07-2026,21:19,5098
866.74823906,0,0.4,0.0002962,0.76257598,14.07566643,63400,0.00030158,-0.21967771,13.4774258,3.0429999999999997,773.0,131.47654305,26-07-2026,21:19,3975
712.77750495,3558,3.7169999999999996,0.00034358,0.70124468,15.80362523,63600,0.00035791,-0.2911276,15.61507979,27.766999999999996,9522.0,178.07919564,26-07-2026,21:19,2922
573.6503145,2526,19.502999999999997,0.0003813,0.63431641,17.12954889,63800,0.00039507,-0.36131167,17.05963379,15.264999999999997,6726.0,239.50085199,26-07-2026,21:19,2225
450.73605517,10795,18.921,0.00040434,0.55785272,17.97926734,64000,0.00042541,-0.44665553,18.00311882,35.72199999999998,6566.0,316.27027531,26-07-2026,21:19,1612
344.00210585,6980,19.808,0.00041415,0.47380553,18.13003805,64200,0.00043357,-0.5262659,18.13075694,11.851999999999997,2452.0,409.48111916,26-07-2026,21:19,1641
255.04214225,13020,18.313,0.00040235,0.38668808,17.42809836,64400,0.00041987,-0.6189061,17.35285412,10.789999999999992,1645.0,521.79682409,26-07-2026,21:19,1721
185.39858679,18607,28.969000000000012,0.0003747,0.31416223,16.16120356,64600,0.00039018,-0.69804355,15.88125849,32.49099999999999,4604.0,651.12849995,26-07-2026,21:19,2199
132.59177142,6205,40.094000000000015,0.00033504,0.25007031,14.47948341,64800,0.00033873,-0.76828639,13.88671999,9.843999999999998,1939.0,798.45708721,26-07-2026,21:19,2941
93.39634767,22899,80.27300000000004,0.00027625,0.18144137,12.00828922,65000,0.00027812,-0.83534573,11.28794849,22.06599999999999,2997.0,960.02556537,26-07-2026,21:19,3729
65.03524329,36867,94.334,0.00022482,0.13560778,9.91693554,65200,0.00022236,-0.88130634,9.0404908,15.268999999999995,5157.0,1131.14569699,26-07-2026,21:19,5032
44.95037214,16884,54.443000000000005,0.00017694,0.09814115,7.88206006,65400,0.00015564,-0.93272119,5.93090476,7.953999999999999,1580.0,1310.08213464,26-07-2026,21:19,6907
30.88295763,14135,24.288999999999994,0.00013846,0.072556,6.28505561,65600,0.00011001,-0.95566631,4.26526003,4.709999999999999,1932.0,1497.37025419,26-07-2026,21:19,9363
21.19172323,8702,29.20599999999999,0.00010541,0.05206808,4.8510408,65800,5.424e-05,-0.9828855,1.93079537,5.999999999999999,771.0,1688.56652209,26-07-2026,21:19,12026
14.77979381,21209,59.59400000000001,7.951e-05,0.03771447,3.74092438,66000,0.0,-1.0,1e-08,30.028000000000006,2124.0,1881.70237615,26-07-2026,21:19,15013
10.22335807,19977,30.648,5.841e-05,0.02644693,2.79009195,66200,0.0,-1.0,0.0,1.1580000000000001,10.0,2081.70032132,26-07-2026,21:19,18209
7.21071696,7754,25.288999999999998,4.364e-05,0.01923192,2.13302695,66400,0.0,-1.0,0.0,0.15,0.0,2281.70003694,26-07-2026,21:19,22192
5.39956541,6210,26.454,3.436e-05,0.0152208,1.74650571,66600,0.0,-1.0,0.0,0.005,5.0,2481.70000361,26-07-2026,21:19,26318
4.48137424,16581,33.125,2.805e-05,0.01252694,1.47686647,66800,0.0,-1.0,0.0,1.3900000000000001,450.0,2681.7000003,26-07-2026,21:19,30564
3.62357202,20628,91.173,1.992e-05,0.0094159,1.1517432,67200,0.0,-1.0,0.0,3.0650000000000004,601.0,3081.7,26-07-2026,21:19,39620
3.62536638,44122,155.74599999999998,1.518e-05,0.00767536,0.96238293,67600,0.0,-1.0,0.0,10.178999999999998,3303.0,3481.7,26-07-2026,21:19,49460
1830.00271417,0,,0.00011246,0.92358301,6.53754068,62400,,,,,,,26-07-2026,21:25,10297
1450.57619975,12,0.012,0.00016287,0.89017971,8.55144801,62800,0.00015538,-0.09270661,7.55815728,15.357,9628.0,46.31808845,26-07-2026,21:25,7215
1265.92212808,0,0.11399999999999999,0.00019853,0.86356079,9.95742809,63000,0.00019495,-0.12050625,9.13485808,4.276,4125.0,61.25143466,26-07-2026,21:25,5824
1087.6767535,214,0.6920000000000001,0.0002396,0.82841412,11.59067555,63200,0.00024128,-0.15751966,10.9650412,97.41199999999989,9006.0,82.79432659,26-07-2026,21:25,4533
918.04907385,9,0.4,0.00028645,0.78159936,13.42470597,63400,0.00029164,-0.20540699,12.95184609,3.0429999999999997,1596.0,113.39214088,26-07-2026,21:25,3400
760.22736287,3457,3.7169999999999996,0.00033308,0.72531317,15.18377643,63600,0.00034231,-0.26513972,14.91771351,27.766999999999996,9372.0,155.04036792,26-07-2026,21:25,2334
615.84901691,2026,19.502999999999997,0.00037488,0.65677131,16.74252953,63800,0.00038914,-0.33672331,16.62034201,15.264999999999997,6686.0,210.45183212,26-07-2026,21:25,1659
486.83674306,14905,18.921,0.00040435,0.57986538,17.79862357,64000,0.00042088,-0.41548672,17.75551314,35.72199999999998,6566.0,281.52895724,26-07-2026,21:25,1025
375.3027627,11521,19.808,0.00041851,0.49764759,18.16345523,64200,0.00043653,-0.50270357,18.16341115,11.851999999999997,2832.0,369.58874496,26-07-2026,21:25,1376
281.68297632,10426,18.313,0.00041184,0.41520098,17.75242639,64400,0.00042983,-0.5885866,17.71484422,10.789999999999992,1745.0,475.82140321,26-07-2026,21:25,1802
207.19918353,18819,28.969000000000012,0.0003858,0.33403989,16.56850959,64600,0.00040061,-0.67369079,16.41373354,32.49099999999999,4604.0,600.9380282,26-07-2026,21:25,2354
149.58530155,6205,40.094000000000015,0.00034461,0.26309471,14.85873127,64800,0.00035495,-0.74980196,14.47434614,9.843999999999998,1939.0,742.90949083,26-07-2026,21:25,3278
106.30110436,23157,80.27300000000004,0.00029504,0.20132328,12.79772,65000,0.00029946,-0.81458508,12.17055181,22.06599999999999,2997.0,899.04901315,26-07-2026,21:25,4199
74.98311867,37157,94.334,0.00024316,0.15105742,10.66598029,65200,0.00023892,-0.86882979,9.69144454,15.268999999999995,5157.0,1067.90537886,26-07-2026,21:25,5672
52.70112725,30173,54.443000000000005,0.00019436,0.1115969,8.65048153,65400,0.00018092,-0.91181301,7.28249829,7.953999999999999,1580.0,1245.20259249,26-07-2026,21:25,7742
36.95337522,14135,24.288999999999994,0.00015185,0.08198589,6.89531442,65600,0.00012816,-0.94466173,5.08940133,4.709999999999999,1932.0,1429.11064607,26-07-2026,21:25,10682
25.82074944,8702,29.20599999999999,0.00011663,0.05973109,5.40458019,65800,7.894e-05,-0.97104049,3.00848757,5.999999999999999,771.0,1617.55042873,26-07-2026,21:25,13756
18.43794746,24549,59.59400000000001,8.895e-05,0.0437029,4.21508966,66000,3.096e-05,-0.99151296,1.05121774,30.028000000000006,2124.0,1810.10547395,26-07-2026,21:25,17142
13.1056396,19977,30.648,6.685e-05,0.03157254,3.23177764,66200,0.0,-1.0,0.0,1.1580000000000001,10.0,2010.1006686,26-07-2026,21:25,20825
9.67387072,7754,25.288999999999998,5.075e-05,0.02340845,2.5179621,66400,0.0,-1.0,0.0,0.15,0.0,2210.10008144,26-07-2026,21:25,25270
7.20090135,8007,26.454,3.855e-05,0.01744235,1.96212015,66600,0.0,-1.0,0.0,0.005,5.0,2410.10000843,26-07-2026,21:25,29854
5.45208086,16581,33.125,3.026e-05,0.01365913,1.59069577,66800,0.0,-1.0,0.0,1.3900000000000001,450.0,2610.10000074,26-07-2026,21:25,34595
4.55778464,20478,91.173,2.185e-05,0.01047245,1.26332725,67200,0.0,-1.0,0.0,3.0650000000000004,601.0,3010.1,26-07-2026,21:25,44641
3.88596017,44122,155.74599999999998,1.694e-05,0.00867887,1.07203683,67600,0.0,-1.0,0.0,10.178999999999998,3323.0,3410.1,26-07-2026,21:25,55467
1597.63625437,40,0.04,0.00013304,0.91811366,6.75800019,62400,,,,,,,26-07-2026,22:46,14733
1216.51332294,100,0.126,0.00020279,0.87605716,9.13907596,62800,0.00019609,-0.10575539,8.16308266,29.99199999999997,14476.0,46.84999374,26-07-2026,22:46,10369
1033.40427202,25,0.149,0.00024979,0.84387843,10.69380563,63000,0.0002483,-0.13961335,9.92274212,20.638,15922.0,63.62442197,26-07-2026,22:46,8419
859.46119195,219,0.6970000000000001,0.00030912,0.79606472,12.6499155,63200,0.00031239,-0.18677507,11.99319381,104.28699999999989,11223.0,88.872953,26-07-2026,22:46,6746
696.17540578,9,0.41300000000000003,0.00037009,0.73510747,14.62520599,63400,0.00038282,-0.25310057,14.28477191,5.689999999999999,2645.0,126.05328109,26-07-2026,22:46,5319
547.60003189,3472,4.043,0.00042566,0.66334357,16.30345353,63600,0.00044521,-0.33236003,16.21975063,31.223999999999997,10425.0,177.5181351,26-07-2026,22:46,3993
416.27514769,2893,25.229999999999993,0.00046894,0.57578038,17.49616729,63800,0.00049143,-0.42074544,17.46582356,20.076,6686.0,246.16438455,26-07-2026,22:46,2983
305.22797577,19601,39.849999999999994,0.00048611,0.47808805,17.7905876,64000,0.00051019,-0.52442559,17.78354017,51.88199999999999,14115.0,334.59308541,26-07-2026,22:46,2116
215.61317763,9636,33.325,0.00047313,0.38208032,17.03411715,64200,0.00049317,-0.62504828,16.93487036,15.687000000000005,3574.0,445.5430794,26-07-2026,22:46,2092
147.9118856,12683,25.719,0.00042491,0.2899795,15.28692457,64400,0.00044181,-0.72155757,14.993024,12.938999999999997,4735.0,577.66731045,26-07-2026,22:46,2256
99.1649817,18919,31.802000000000017,0.00036011,0.21348053,12.99600254,64600,0.00037,-0.80088887,12.47103701,25.244,4604.0,728.83779172,26-07-2026,22:46,2634
65.40208181,7534,41.420000000000016,0.00028725,0.15161699,10.48755609,64800,0.00028566,-0.8678613,9.55569866,9.802999999999999,1881.0,895.43152768,26-07-2026,22:46,3420
43.21886251,24351,86.99200000000006,0.00022039,0.10670149,8.21576583,65000,0.00020145,-0.91943935,6.6746218,21.492999999999995,2967.0,1072.82954731,26-07-2026,22:46,4423
29.04187222,71943,129.70800000000003,0.0001648,0.07472959,6.30453117,65200,0.00012746,-0.9570503,4.07735953,16.383999999999993,5227.0,1258.80339631,26-07-2026,22:46,5878
19.72530664,33218,87.03499999999998,0.00012172,0.05267088,4.80076529,65400,7.022e-05,-0.97969123,2.19073088,7.485999999999999,1580.0,1449.29003384,26-07-2026,22:46,8641
13.9148237,13715,29.320999999999998,9.059e-05,0.03825548,3.71138561,65600,0.0,-1.0,1e-08,5.190999999999999,1942.0,1645.41516647,26-07-2026,22:46,12386
10.21851575,8827,29.63299999999999,6.736e-05,0.02772928,2.84662939,65800,0.0,-1.0,0.0,5.953999999999999,771.0,1845.40232787,26-07-2026,22:46,16306
7.94888317,26315,66.14900000000003,5.241e-05,0.02180041,2.32629914,66000,0.0,-1.0,0.0,29.93800000000001,2134.0,2045.40030191,26-07-2026,22:46,20586
6.92729589,21987,36.967,4.285e-05,0.01839895,2.01452877,66200,0.0,-1.0,0.0,1.1580000000000001,10.0,2245.40003307,26-07-2026,22:46,25152
5.72848819,8590,28.231999999999996,3.336e-05,0.01434795,1.62803915,66400,0.0,-1.0,0.0,0.15,0.0,2445.40000306,26-07-2026,22:46,30587
3.95564731,8007,28.369000000000003,2.493e-05,0.01054141,1.24643211,66600,0.0,-1.0,0.0,0.005,5.0,2645.40000024,26-07-2026,22:46,36186
2.97347466,21325,38.46300000000001,1.885e-05,0.00791709,0.97001122,66800,0.0,-1.0,0.0,1.3900000000000001,450.0,2845.40000002,26-07-2026,22:46,41942
1.98109691,17928,98.987,1.207e-05,0.00515382,0.66345603,67200,0.0,-1.0,0.0,3.0650000000000004,601.0,3245.4,26-07-2026,22:46,54199
1.03603126,63695,181.94800000000038,6.66e-06,0.00276185,0.37923306,67600,0.0,-1.0,0.0,10.209,3333.0,3645.4,26-07-2026,22:46,67128
1624.37281455,40,0.04,0.00012849,0.92152687,6.54529186,62400,,,,,,,26-07-2026,22:47,14640
1241.70461221,100,0.126,0.00019433,0.88318578,8.76827481,62800,0.000186,-0.09774482,7.71044022,29.99199999999997,14476.0,43.33586179,26-07-2026,22:47,10273
1057.72379908,25,0.149,0.00024195,0.85143829,10.34925044,63000,0.00023917,-0.13122928,9.51222469,20.638,15922.0,58.94631234,26-07-2026,22:47,8328
881.60424281,219,0.6970000000000001,0.00029895,0.80734016,12.22670408,63200,0.00030307,-0.17711935,11.60379542,104.28699999999989,11283.0,83.02492154,26-07-2026,22:47,6661
716.77909623,9,0.41300000000000003,0.00036109,0.74905569,14.22469091,63400,0.00037219,-0.23854135,13.84180774,5.689999999999999,2645.0,118.19291113,26-07-2026,22:47,5240
566.04387957,3472,4.043,0.00042075,0.67632765,16.05168382,63600,0.00043747,-0.3156614,15.88389124,31.223999999999997,10425.0,167.17671406,26-07-2026,22:47,3917
431.9117208,2893,25.229999999999993,0.00046711,0.59005197,17.36627894,63800,0.00048821,-0.40596997,17.32490682,20.076,6686.0,233.13941292,26-07-2026,22:47,2924
318.02625174,19601,39.849999999999994,0.00048862,0.49443444,17.82048833,64000,0.00051294,-0.50593627,17.82015927,51.88199999999999,14115.0,318.94096808,26-07-2026,22:47,2070
225.70748573,9636,33.325,0.00047878,0.39659586,17.22017334,64200,0.00050126,-0.60877755,17.15556448,15.687000000000005,3574.0,426.53507855,26-07-2026,22:47,2094
155.45496945,12683,25.719,0.00043676,0.30431654,15.63269103,64400,0.00045517,-0.70649478,15.37789037,12.938999999999997,4735.0,555.79285339,26-07-2026,22:47,2274
104.27955622,18919,31.802000000000017,0.00037231,0.22495656,13.39673435,64600,0.0003823,-0.79100192,12.83884027,25.244,4604.0,704.89153925,26-07-2026,22:47,2671
69.25016732,7534,41.420000000000016,0.00030023,0.16142774,10.93297873,64800,0.00029818,-0.85954861,9.96511497,9.802999999999999,1881.0,869.69555873,26-07-2026,22:47,3478
45.90241907,24351,86.99200000000006,0.00023153,0.11340438,8.58543779,65000,0.00021572,-0.91143557,7.1683825,21.492999999999995,2967.0,1046.09818993,26-07-2026,22:47,4489
30.74593895,71943,129.70800000000003,0.0001738,0.07952878,6.61181977,65200,0.00014166,-0.94974108,4.62647546,16.383999999999993,5227.0,1231.11938861,26-07-2026,22:47,5959
21.10681809,33293,87.03499999999998,0.00012894,0.05634265,5.06505638,65400,6.693e-05,-0.98178915,1.99735528,7.485999999999999,1580.0,1420.86401535,26-07-2026,22:47,8748
15.04086596,13715,29.320999999999998,9.594e-05,0.0408013,3.91221277,65600,0.0,-1.0,2e-08,5.190999999999999,1942.0,1616.31970086,26-07-2026,22:47,12504
10.97169745,8827,29.63299999999999,7.185e-05,0.03007458,3.04595422,65800,0.0,-1.0,0.0,5.953999999999999,771.0,1816.30310054,26-07-2026,22:47,16433
8.60159845,26315,66.14900000000003,5.656e-05,0.02405697,2.52804799,66000,0.0,-1.0,0.0,29.93800000000001,2134.0,2016.3004124,26-07-2026,22:47,20717
7.21889359,21987,36.967,4.367e-05,0.01857675,2.0314873,66200,0.0,-1.0,0.0,1.1580000000000001,10.0,2216.30004633,26-07-2026,22:47,25293
6.01148184,8590,28.231999999999996,3.554e-05,0.01548208,1.73841623,66400,0.0,-1.0,0.0,0.15,0.0,2416.3000044,26-07-2026,22:47,30730
4.12733297,8007,28.369000000000003,2.535e-05,0.01063116,1.25591886,66600,0.0,-1.0,0.0,0.005,5.0,2616.30000035,26-07-2026,22:47,36330
3.10399139,21325,38.46300000000001,1.922e-05,0.00799594,0.97880229,66800,0.0,-1.0,0.0,1.3900000000000001,450.0,2816.30000002,26-07-2026,22:47,42088
2.06571625,17928,98.987,1.226e-05,0.00519621,0.66848628,67200,0.0,-1.0,0.0,3.0650000000000004,601.0,3216.3,26-07-2026,22:47,54350
1.0821936,63695,181.94800000000038,6.76e-06,0.00278417,0.3821095,67600,0.0,-1.0,0.0,10.209,3333.0,3616.3,26-07-2026,22:47,67283
1746.95560153,50,0.05,0.00011346,0.93010515,5.99299477,62400,,,,,,,26-07-2026,22:56,14231
1359.49734919,0,0.226,0.00016824,0.90096055,7.78726196,62800,0.00015544,-0.07834979,6.53951921,31.10899999999997,15146.0,33.35027867,26-07-2026,22:56,9815
1170.91735647,25,0.149,0.00020969,0.87555986,9.1699815,63000,0.00020227,-0.10511264,8.13186529,20.756,15922.0,44.65497436,26-07-2026,22:56,7854
989.02671866,219,0.6970000000000001,0.00026129,0.84130282,10.81498425,63200,0.00026071,-0.14206224,10.04518711,104.68999999999988,11503.0,62.60352343,26-07-2026,22:56,6195
816.41636649,9,0.41700000000000004,0.00032214,0.79141131,12.82803561,63400,0.00032898,-0.19483764,12.31418942,6.5699999999999985,3485.0,90.54095741,26-07-2026,22:56,4789
656.54890986,3472,4.043,0.00038572,0.72618371,14.87879445,63600,0.00039993,-0.26247865,14.56529981,31.223999999999997,10425.0,130.29392746,26-07-2026,22:56,3472
511.68816697,2803,25.319999999999993,0.00044237,0.64726759,16.59826911,63800,0.00046201,-0.34568597,16.47626614,20.314,6695.0,184.74950316,26-07-2026,22:56,2555
384.71555537,19671,40.30300000000001,0.00048148,0.55644396,17.64854534,64000,0.00050539,-0.44169084,17.63590093,55.41,13592.0,258.53576914,26-07-2026,22:56,1757
278.01163286,9636,33.355000000000004,0.00049347,0.45849865,17.73066755,64200,0.00051818,-0.54384494,17.71944394,15.707000000000004,3574.0,351.58775716,26-07-2026,22:56,2009
193.34991992,12682,25.753,0.0004714,0.3603521,16.72345527,64400,0.00049357,-0.64720992,16.5992219,13.423999999999996,4855.0,467.15500954,26-07-2026,22:56,2262
131.13819934,18919,32.83600000000001,0.00041788,0.27183233,14.82529409,64600,0.00043393,-0.74126505,14.45814939,25.244,4604.0,605.23784069,26-07-2026,22:56,2742
87.60868146,7534,41.478000000000016,0.00034715,0.19821165,12.44296515,64800,0.00035279,-0.82017135,11.71861254,9.802,1881.0,759.98294941,26-07-2026,22:56,3644
58.54408384,24351,88.05600000000007,0.00027417,0.14179006,10.03218946,65000,0.00026698,-0.88130984,8.87011014,21.202999999999992,2943.0,932.94450061,26-07-2026,22:56,4687
39.11526367,71943,129.80900000000003,0.00020887,0.09925865,7.7997247,65200,0.00018562,-0.92871572,6.08432351,16.382999999999996,5227.0,1113.08943873,26-07-2026,22:56,6222
26.52834199,34393,88.50899999999997,0.00015593,0.06997151,5.99796512,65400,0.00011457,-0.9624218,3.65978131,7.485999999999999,1580.0,1300.41598809,26-07-2026,22:56,9131
18.63653258,13715,29.769,0.00011571,0.04996306,4.6060036,65600,4.81e-05,-0.98796541,1.39921309,5.190999999999999,1942.0,1492.25043391,26-07-2026,22:56,12946
13.77693155,8827,29.651999999999987,8.664e-05,0.03671063,3.59056836,65800,0.0,-1.0,1e-08,5.953999999999999,771.0,1689.11028948,26-07-2026,22:56,16924
10.61737054,26315,66.34900000000002,6.659e-05,0.02826159,2.89340895,66000,0.0,-1.0,0.0,29.93800000000001,2134.0,1889.10152453,26-07-2026,22:56,21240
8.66696878,22387,37.517,5.376e-05,0.02344513,2.47456916,66200,0.0,-1.0,0.0,1.1580000000000001,10.0,2089.10019086,26-07-2026,22:56,25868
7.1258513,11590,31.232,4.165e-05,0.01813717,1.99101731,66400,0.0,-1.0,0.0,0.15,0.0,2289.10002018,26-07-2026,22:56,31337
5.58177327,8007,28.669000000000004,3.088e-05,0.01314815,1.51060111,66600,0.0,-1.0,0.0,0.005,5.0,2489.1000018,26-07-2026,22:56,37028
3.83770328,21325,38.363,2.431e-05,0.01041043,1.23351904,66800,0.0,-1.0,0.0,1.3900000000000001,450.0,2689.10000014,26-07-2026,22:56,42875
1.91489767,17928,99.28699999999999,1.307e-05,0.00536444,0.68789929,67200,0.0,-1.0,0.0,3.0650000000000004,601.0,3089.1,26-07-2026,22:56,55320
1.03919406,64909,183.18100000000038,7.16e-06,0.00286515,0.39222993,67600,0.0,-1.0,0.0,10.209,3333.0,3489.1,26-07-2026,22:56,68436
1804.15704669,50,0.05,0.00010593,0.93550214,5.61515561,62400,,,,,,,26-07-2026,23:16,14809
1414.56876117,0,0.226,0.00015627,0.90994179,7.23850864,62800,0.00014252,-0.07019569,5.994945,35.27299999999997,18795.0,29.19613447,26-07-2026,23:16,10024
1223.54531073,25,0.149,0.00019488,0.88790173,8.49173908,63000,0.00018478,-0.09214578,7.36255776,22.11,16666.0,38.22096736,26-07-2026,23:16,7948
1038.84789812,219,0.7070000000000001,0.00024535,0.85462067,10.1723944,63200,0.0002422,-0.12615612,9.23002784,103.5919999999999,14583.0,53.31742858,26-07-2026,23:16,6200
862.41401822,9,0.41700000000000004,0.00030565,0.81047471,12.07142462,63400,0.00030917,-0.17226319,11.37016488,7.012999999999998,3745.0,76.39275579,26-07-2026,23:16,4754
696.218839,3472,4.0489999999999995,0.00037399,0.75082787,14.13230184,63600,0.00038392,-0.23527821,13.70034565,31.819999999999997,10534.0,110.35412255,26-07-2026,23:16,3410
544.2345875,2803,25.319999999999993,0.00043879,0.67516387,16.03119394,63800,0.00045672,-0.3141147,15.80786381,20.39,6651.0,158.38843211,26-07-2026,23:16,2500
410.84585389,18559,43.18300000000001,0.00048831,0.58698242,17.34996443,64000,0.00051349,-0.40923261,17.31184087,57.102,14772.0,224.78103174,26-07-2026,23:16,1700
298.76561954,9895,33.652,0.0005079,0.48720134,17.76489896,64200,0.00053342,-0.51368221,17.76359225,15.973000000000006,3740.0,313.19812528,26-07-2026,23:16,1950
209.73052345,13688,26.731,0.00049176,0.38639355,17.0485665,64400,0.00051513,-0.61962249,16.9690662,13.685999999999996,4855.0,423.83874969,26-07-2026,23:16,2221
142.08590513,18919,32.71200000000002,0.00044277,0.29263314,15.31521623,64600,0.00046002,-0.72117674,14.9662187,25.244,4704.0,556.1005168,26-07-2026,23:16,2765
93.62449571,7285,42.48300000000002,0.00037251,0.21198928,12.91150465,64800,0.00037904,-0.80699794,12.20623861,9.802,1881.0,707.11070964,26-07-2026,23:16,3708
60.54837729,24401,88.40500000000006,0.00029475,0.14919798,10.35090954,65000,0.00028963,-0.8723491,9.30657053,21.213999999999984,2921.0,874.63279048,26-07-2026,23:16,4762
39.34469505,72421,130.91200000000003,0.00022335,0.10343191,8.01354585,65200,0.00019828,-0.92609975,6.23569438,16.362999999999996,5227.0,1053.09004451,26-07-2026,23:16,6320
25.71947029,34393,88.50899999999997,0.00016372,0.0703331,6.00400639,65400,0.00012039,-0.9622055,3.66601338,7.485999999999999,1580.0,1239.37373025,26-07-2026,23:16,9273
17.55416528,13715,32.884,0.00011941,0.04934781,4.54696274,65600,4.571e-05,-0.98942587,1.24668056,5.190999999999999,1942.0,1430.65233281,26-07-2026,23:16,13103
12.10047416,8827,29.673999999999985,8.644e-05,0.03452912,3.40437915,65800,0.0,-1.0,0.0,5.953999999999999,771.0,1629.51679221,26-07-2026,23:16,17101
9.07056442,35655,81.63100000000003,6.479e-05,0.0257683,2.67064813,66000,0.0,-1.0,0.0,29.93800000000001,2134.0,1829.50258935,26-07-2026,23:16,21429
7.05677897,22387,37.317,4.951e-05,0.01979347,2.13815963,66200,0.0,-1.0,0.0,1.1580000000000001,10.0,2029.50033708,26-07-2026,23:16,26269
6.04673522,11590,30.71399999999999,3.992e-05,0.01641687,1.82299879,66400,0.0,-1.0,0.0,0.15,0.0,2229.50003703,26-07-2026,23:16,31930
5.03576804,8007,28.669000000000004,3.193e-05,0.01337224,1.52818525,66600,0.0,-1.0,0.0,0.005,5.0,2429.50000343,26-07-2026,23:16,37815
4.10531819,23325,40.458000000000006,2.826e-05,0.01251013,1.44266828,66800,0.0,-1.0,0.0,1.3900000000000001,450.0,2629.50000027,26-07-2026,23:16,43857
2.05044879,17928,99.78699999999999,1.523e-05,0.00641931,0.80423669,67200,0.0,-1.0,0.0,3.0650000000000004,601.0,3029.5,26-07-2026,23:16,56777
1.05661176,65120,184.39500000000038,7.36e-06,0.00290481,0.39594658,67600,0.0,-1.0,0.0,10.209,3333.0,3429.5,26-07-2026,23:16,70368
1847.40779383,60,0.060000000000000005,9.214e-05,0.94897111,4.6141055,62400,,,,,,,26-07-2026,00:21,15760
1454.64041953,0,0.226,0.00013807,0.92858258,6.0019856,62800,0.00011522,-0.04820672,4.40933344,42.87299999999999,21299.0,17.01923411,26-07-2026,00:21,10569
1260.26400587,325,0.46799999999999997,0.00017469,0.91109192,7.08342785,63000,0.00015321,-0.0634275,5.47591081,24.121000000000002,16766.0,22.29821487,26-07-2026,00:21,8358
1068.22481702,219,0.677,0.00022256,0.88953306,8.30220408,63200,0.00020745,-0.08666449,6.94981725,114.4349999999999,11493.0,30.39145043,26-07-2026,00:21,6528
881.66941348,0,0.666,0.00028929,0.85501737,10.03200955,63400,0.00028371,-0.12319663,8.96960098,16.454,10005.0,43.8389073,26-07-2026,00:21,4918
705.03502014,3472,4.051,0.00037461,0.80138899,12.27158872,63600,0.00038131,-0.17926481,11.52075921,35.429,11613.0,66.68046624,26-07-2026,00:21,3475
541.89358601,2327,27.50099999999999,0.00046938,0.72739812,14.62393657,63800,0.0004892,-0.25904584,14.25067659,26.830999999999996,11497.0,104.05942325,26-07-2026,00:21,2545
398.96895465,17402,45.16700000000003,0.00055017,0.62988485,16.62154959,64000,0.00058015,-0.36266374,16.50967088,61.166000000000004,17239.0,160.95399523,26-07-2026,00:21,1731
279.8059549,13329,39.81300000000002,0.00059209,0.51607391,17.5464504,64200,0.00062809,-0.48319517,17.54512424,18.417000000000005,2729.0,241.87724104,26-07-2026,00:21,2020
187.14614345,13701,31.200000000000006,0.00057829,0.3978106,16.98142962,64400,0.00061295,-0.60911035,16.89970406,15.648999999999997,4398.0,349.6936531,26-07-2026,00:21,2520
120.50821262,17720,35.69000000000001,0.0005117,0.28871136,15.03612742,64600,0.00053586,-0.72556035,14.67267381,26.72,3504.0,482.2787741,26-07-2026,00:21,3178
75.67545771,7792,45.523000000000025,0.00041267,0.20090528,12.35690712,64800,0.0004204,-0.82041809,11.53334263,9.725999999999997,1881.0,637.66392641,26-07-2026,00:21,4202
47.98382507,25530,93.08800000000006,0.00031215,0.13616752,9.61372357,65000,0.00029856,-0.89192783,8.17243365,24.493999999999986,1724.0,809.19902207,26-07-2026,00:21,5314
31.77122388,74226,135.877,0.000228,0.09297156,7.32235832,65200,0.00019302,-0.93901241,5.31090668,16.363999999999997,5227.0,993.85688089,26-07-2026,00:21,7016
22.45751682,35784,97.19399999999996,0.00016714,0.06664852,5.6906729,65400,0.00010897,-0.97048913,2.95454015,7.235999999999998,1580.0,1184.08036378,26-07-2026,00:21,10039
16.53555755,15796,39.169,0.00012336,0.0486832,4.44416764,65600,3.065e-05,-0.99419572,0.72674432,5.173999999999999,1943.0,1378.36772668,26-07-2026,00:21,13987
12.88740249,9922,36.838999999999984,9.379e-05,0.0374913,3.59821945,65800,0.0,-1.0,1e-08,5.951999999999999,771.0,1577.0222293,26-07-2026,00:21,18155
10.04333846,35763,80.64900000000003,7.107e-05,0.02849217,2.86948144,66000,0.0,-1.0,0.0,30.04800000000001,2124.0,1777.00344072,26-07-2026,00:21,22669
7.8593175,23387,38.317,5.504e-05,0.02234837,2.34113137,66200,0.0,-1.0,0.0,1.1580000000000001,10.0,1977.00044771,26-07-2026,00:21,27709
4.89746702,12788,31.715999999999994,3.773e-05,0.0145458,1.62346331,66400,0.0,-1.0,0.0,0.15,0.0,2177.00004894,26-07-2026,00:21,33574
2.93651377,6007,30.919000000000008,2.495e-05,0.00911768,1.08217834,66600,0.0,-1.0,0.0,0.005,5.0,2377.00000449,26-07-2026,00:21,39685
1.96307979,25625,44.55300000000001,1.735e-05,0.00618695,0.76906352,66800,0.0,-1.0,0.0,1.4100000000000001,470.0,2577.00000035,26-07-2026,00:21,45911
1.03059601,16876,104.173,9.24e-06,0.00325511,0.43342803,67200,0.0,-1.0,0.0,2.915,501.0,2977.0,26-07-2026,00:21,59288
0.53806548,65997,182.34100000000038,4.91e-06,0.00171075,0.2421271,67600,0.0,-1.0,0.0,10.209,3333.0,3377.0,26-07-2026,00:21,73329
1868.04727478,60,0.060000000000000005,8.977e-05,0.95038633,4.51251886,62400,,,,,,,26-07-2026,00:21,15654
1475.72475533,0,0.226,0.0001346,0.93031968,5.89034815,62800,0.00010923,-0.04481684,4.15933826,48.09599999999999,21299.0,16.1661017,26-07-2026,00:21,10463
1280.61086318,325,0.46799999999999997,0.00016861,0.91545582,6.82305243,63000,0.00014652,-0.05984211,5.23353349,24.121000000000002,16766.0,21.05872253,26-07-2026,00:21,8253
1088.21670522,219,0.677,0.00021544,0.89425716,8.0463347,63200,0.00019914,-0.08194646,6.66479798,115.4539999999999,11493.0,28.584172,26-07-2026,00:21,6426
901.05650698,0,0.666,0.00028075,0.86136791,9.73358162,63400,0.00027313,-0.11643779,8.62115944,16.459,10009.0,41.31769976,26-07-2026,00:21,4818
722.51005543,3472,4.051,0.00036533,0.81102307,11.90713562,63600,0.00036986,-0.17077176,11.1731599,36.429,11613.0,62.88757279,26-07-2026,00:21,3378
557.84148414,2327,27.50099999999999,0.00045993,0.73761862,14.34712843,63800,0.00047866,-0.24790992,13.92763635,27.331999999999994,11497.0,98.38021423,26-07-2026,00:21,2459
413.07700144,17402,45.39400000000003,0.00054453,0.64191022,16.44009193,64000,0.00057376,-0.34948519,16.29825181,63.673,17239.0,153.01330772,26-07-2026,00:21,1655
291.1283959,13339,39.82300000000002,0.00059144,0.52887659,17.5173215,64200,0.00062589,-0.4696735,17.51258079,18.22200000000001,2729.0,231.37648579,26-07-2026,00:21,1982
195.64570741,13701,31.200000000000006,0.00058485,0.41035353,17.11822483,64400,0.00061715,-0.59503612,17.06280225,15.648999999999997,4398.0,335.46826651,26-07-2026,00:21,2501
126.37208969,17720,36.79000000000002,0.00052042,0.30000362,15.30723091,64600,0.00054608,-0.71310445,14.99351156,26.717999999999996,3504.0,465.87009317,26-07-2026,00:21,3176
79.84107976,7792,48.28300000000003,0.00042416,0.20951269,12.67082642,64800,0.00043416,-0.81133567,11.89499384,9.725999999999997,1881.0,619.11259919,26-07-2026,00:21,4217
50.74343651,25530,93.08800000000006,0.00032291,0.14306187,9.94370561,65000,0.00031303,-0.8831463,8.64298425,24.38599999999998,1724.0,790.07320231,26-07-2026,00:21,5336
33.5980171,74226,135.92700000000002,0.00023702,0.09791864,7.60840779,65200,0.00020505,-0.93364221,5.67225204,16.363999999999997,5227.0,973.08151414,26-07-2026,00:21,7048
23.63317205,35784,100.19499999999996,0.00017331,0.06943353,5.87434315,65400,0.0001197,-0.96645169,3.2853742,7.235999999999998,1580.0,1162.85479227,26-07-2026,00:21,10096
17.48704161,15796,40.2,0.0001286,0.0512464,4.63042246,65600,4.968e-05,-0.98897283,1.27772976,5.173999999999999,1943.0,1356.7832752,26-07-2026,00:21,14052
13.49686022,9922,39.838999999999984,9.706e-05,0.03889215,3.70807134,65800,0.0,-1.0,1e-08,5.951999999999999,771.0,1554.8271158,26-07-2026,00:21,18226
10.55174064,35763,80.64900000000003,7.389e-05,0.0297906,2.97816495,66000,0.0,-1.0,0.0,30.04800000000001,2124.0,1754.80428059,26-07-2026,00:21,22742
8.09960798,23387,38.317,5.594e-05,0.02253191,2.35770563,66200,0.0,-1.0,0.0,1.1580000000000001,10.0,1954.80056817,26-07-2026,00:21,27789
5.43965198,12788,31.715999999999994,4.026e-05,0.01577525,1.74095315,66400,0.0,-1.0,0.0,0.15,0.0,2154.80006337,26-07-2026,00:21,33655
3.0416318,6007,30.919000000000008,2.531e-05,0.00918251,1.08905841,66600,0.0,-1.0,0.0,0.005,5.0,2354.80000594,26-07-2026,00:21,39767
2.03624562,25625,44.55300000000001,1.758e-05,0.00622819,0.77371971,66800,0.0,-1.0,0.0,1.4100000000000001,470.0,2554.80000047,26-07-2026,00:21,45992
1.06892998,16876,104.173,9.34e-06,0.00327427,0.43578835,67200,0.0,-1.0,0.0,2.915,501.0,2954.8,26-07-2026,00:21,59372
0.56087206,65997,182.34100000000038,4.96e-06,0.00171998,0.24335445,67600,0.0,-1.0,0.0,10.209,3333.0,3354.8,26-07-2026,00:21,73414
1893.18426771,60,0.060000000000000005,8.597e-05,0.95316309,4.30648908,62400,,,,,,,26-07-2026,00:27,15260
1500.18465321,0,0.226,0.00012965,0.93348984,5.6786637,62800,0.00010414,-0.04232246,3.96886417,49.09599999999999,22299.0,15.00515391,26-07-2026,00:27,10099
1306.02701503,305,0.488,0.00016379,0.91743402,6.69838197,63000,0.00014155,-0.05807378,5.10848924,24.781000000000002,17016.0,20.55478796,26-07-2026,00:27,7926
1113.83395629,219,0.677,0.00020918,0.89648793,7.91764071,63200,0.00019322,-0.08068061,6.58268646,116.0039999999999,11493.0,28.50871672,26-07-2026,00:27,6137
925.33684427,0,0.666,0.00027158,0.86516025,9.54454491,63400,0.00026337,-0.11280193,8.42316449,17.659,10009.0,39.97359559,26-07-2026,00:27,4569
745.06802794,3472,4.051,0.00035349,0.81826905,11.61402802,63600,0.00035683,-0.16189511,10.78727743,36.42700000000001,11613.0,59.37394424,26-07-2026,00:27,3170
577.75379248,2327,27.50099999999999,0.00044905,0.74928415,14.00208042,63800,0.00046545,-0.23602682,13.552614,27.331999999999994,11497.0,91.94916695,26-07-2026,00:27,2302
429.04370228,17402,45.39400000000003,0.0005377,0.65609822,16.19055836,64000,0.00056645,-0.33464604,16.02156763,62.77300000000001,17239.0,143.09676558,26-07-2026,00:27,1550
303.76469161,13409,39.893000000000015,0.00059296,0.54424928,17.44387257,64200,0.0006286,-0.45331414,17.43156933,18.22200000000001,2729.0,217.82119606,26-07-2026,00:27,1961
204.58217894,11718,33.218,0.00059247,0.42464262,17.23793727,64400,0.0006279,-0.58024152,17.19576211,17.657999999999998,2398.0,318.70992346,26-07-2026,00:27,2543
132.09652387,17720,36.79000000000002,0.0005344,0.31169076,15.55828565,64600,0.00056174,-0.7006221,15.28267793,26.707,3504.0,446.16950718,26-07-2026,00:27,3224
82.86483713,7763,48.590000000000025,0.0004386,0.2175255,12.94251914,64800,0.00045065,-0.80191593,12.24595082,9.715999999999998,1881.0,597.01701705,26-07-2026,00:27,4243
52.1424098,25530,93.08500000000006,0.00033464,0.14724332,10.13171403,65000,0.00032615,-0.87873336,8.8663539,24.38599999999998,1724.0,766.19017651,26-07-2026,00:27,5329
34.33362262,74226,135.98700000000002,0.00024576,0.10129737,7.79411903,65200,0.00021419,-0.93100381,5.8418961,16.363999999999997,5227.0,947.99519762,26-07-2026,00:27,7009
23.59444226,35724,100.25499999999997,0.00017817,0.07042291,5.93464714,65400,0.00012414,-0.9656144,3.35048617,7.235999999999998,1580.0,1137.56470864,26-07-2026,00:27,10037
17.26947493,15796,40.2,0.00013058,0.05088573,4.60146291,65600,5.238e-05,-0.98841584,1.33275878,5.173999999999999,1943.0,1331.31919263,26-07-2026,00:27,13955
13.06513053,9922,40.48899999999998,9.783e-05,0.03830224,3.65978637,65800,0.0,-1.0,1e-08,5.862,771.0,1529.23359543,26-07-2026,00:27,18093
10.06821498,35784,80.64900000000003,7.384e-05,0.02904976,2.91464961,66000,0.0,-1.0,0.0,30.04800000000001,2124.0,1729.20541023,26-07-2026,00:27,22571
7.98883479,23387,38.315000000000005,5.702e-05,0.02274995,2.37537201,66200,0.0,-1.0,0.0,1.1580000000000001,10.0,1929.20073247,26-07-2026,00:27,27581
5.86358294,12788,31.715999999999994,4.098e-05,0.01591707,1.75322677,66400,0.0,-1.0,0.0,0.15,0.0,2129.20008331,26-07-2026,00:27,33407
2.99427627,6007,30.919000000000008,2.573e-05,0.00926033,1.09642025,66600,0.0,-1.0,0.0,0.005,5.0,2329.20000796,26-07-2026,00:27,39479
1.99640769,27625,46.10300000000001,1.786e-05,0.00627766,0.77864985,66800,0.0,-1.0,0.0,1.4100000000000001,470.0,2529.20000064,26-07-2026,00:27,45665
1.04797819,16876,104.173,9.48e-06,0.00329722,0.43824845,67200,0.0,-1.0,0.0,2.915,501.0,2929.2,26-07-2026,00:27,59046
0.54887325,65997,182.24100000000038,5.02e-06,0.00173054,0.24454971,67600,0.0,-1.0,0.0,10.209,3333.0,3329.2,26-07-2026,00:27,73090
1828.80907565,60,0.060000000000000005,9.158e-05,0.95085124,4.46351883,62400,,,,,,,26-07-2026,00:35,15626
1438.03935986,0,0.226,0.00014033,0.9286884,5.97563494,62800,0.00011546,-0.04683446,4.29444204,50.09599999999999,23299.0,16.29393132,26-07-2026,00:35,10437
1245.3888173,305,0.488,0.00017977,0.90819347,7.23076299,63000,0.00016154,-0.06878863,5.81236262,25.031000000000002,17016.0,24.42749298,26-07-2026,00:35,8264
1055.99227979,247,0.677,0.00023125,0.88166889,8.69042623,63200,0.00021764,-0.09536253,7.43713495,116.0039999999999,11493.0,34.72020483,26-07-2026,00:35,6473
869.48140146,0,0.666,0.00029805,0.84746703,10.3445015,63400,0.0002954,-0.13305934,9.43174516,17.659,10009.0,48.34268034,26-07-2026,00:35,4906
691.43353618,3472,4.051,0.00038468,0.79459015,12.48089493,63600,0.00039362,-0.18797635,11.82784953,36.539,11501.0,69.91965814,26-07-2026,00:35,3505
527.65209302,2327,27.64599999999999,0.00048189,0.71928809,14.78761687,63800,0.0005029,-0.26773889,14.44603131,27.375999999999998,11497.0,106.29517086,26-07-2026,00:35,2611
383.70878663,17402,45.39400000000003,0.00056781,0.61991953,16.70683704,64000,0.00059899,-0.37392631,16.62207772,63.134000000000015,16878.0,162.6895482,26-07-2026,00:35,1834
265.70252651,13459,39.893000000000015,0.00060733,0.50258748,17.50334094,64200,0.00064174,-0.4974268,17.50337225,18.770000000000007,2875.0,244.52089625,26-07-2026,00:35,2136
175.48087944,12526,33.759,0.00058504,0.38156747,16.72644854,64400,0.00061887,-0.62605762,16.62227389,17.657999999999998,2398.0,353.86889515,26-07-2026,00:35,2659
110.22332751,17720,36.79000000000002,0.0005088,0.27234629,14.56975897,64600,0.00053213,-0.74223448,14.16820194,26.707,3542.0,488.95024775,26-07-2026,00:35,3327
67.06017263,7763,48.590000000000025,0.00040326,0.18413135,11.6772574,64800,0.00040776,-0.83820771,10.75328335,9.715999999999998,1881.0,646.07411392,26-07-2026,00:35,4308
41.07738215,25230,93.38500000000006,0.00029771,0.12158223,8.85803251,65000,0.00027605,-0.90877587,7.19667639,24.38599999999998,1724.0,820.0185843,26-07-2026,00:35,5391
26.37666283,74296,135.98700000000002,0.00021394,0.08228992,6.66331029,65200,0.00016449,-0.95397659,4.23468532,16.363999999999997,5227.0,1005.37136767,26-07-2026,00:35,7044
18.38857524,35724,100.25499999999997,0.00015253,0.05672163,5.00101293,65400,6.815e-05,-0.9853853,1.62484291,7.235999999999998,1580.0,1196.12626379,26-07-2026,00:35,9996
13.39108653,15796,40.2,0.0001127,0.04195969,3.93076902,65600,0.0,-1.0,1e-08,5.173999999999999,1943.0,1393.80155152,26-07-2026,00:35,13900
10.26399243,9922,40.48899999999998,8.249e-05,0.03072716,3.04521053,65800,0.0,-1.0,0.0,5.066999999999999,771.0,1593.71823279,26-07-2026,00:35,18033
8.12949398,35784,82.14900000000003,6.309e-05,0.02394446,2.47310984,66000,0.0,-1.0,0.0,30.04800000000001,2124.0,1793.70275171,26-07-2026,00:35,22516
6.4171789,23387,38.315000000000005,4.704e-05,0.01783596,1.92718181,66200,0.0,-1.0,0.0,1.1580000000000001,10.0,1993.70034869,26-07-2026,00:35,27518
4.45231718,12788,31.715999999999994,3.298e-05,0.01213954,1.38420245,66400,0.0,-1.0,0.0,0.15,0.0,2193.70003708,26-07-2026,00:35,33354
2.60069501,6007,30.919000000000008,1.941e-05,0.00654488,0.80568967,66600,0.0,-1.0,0.0,0.005,5.0,2393.70000331,26-07-2026,00:35,39437
0.99699375,27625,46.10300000000001,1.147e-05,0.00362889,0.4763381,66800,0.0,-1.0,0.0,1.4100000000000001,470.0,2593.70000025,26-07-2026,00:35,45636
0.52242746,16876,104.173,5.95e-06,0.00188442,0.26352398,67200,0.0,-1.0,0.0,2.915,501.0,2993.7,26-07-2026,00:35,59037
0.52306543,65997,182.24100000000038,4.86e-06,0.00170183,0.24019863,67600,0.0,-1.0,0.0,10.209,3333.0,3393.7,26-07-2026,00:35,73103
1818.46545636,60,0.060000000000000005,8.325e-05,0.95905809,3.80073234,62400,,,,,,,26-07-2026,01:41,16754
1426.07248938,0,0.226,0.00013189,0.93814809,5.27968938,62800,9.854e-05,-0.03514443,3.35573158,60.362999999999985,25909.0,11.43310786,26-07-2026,01:41,11154
1230.94187299,305,0.488,0.00016849,0.92361364,6.21256502,63000,0.0001394,-0.04995974,4.46080146,26.853,17776.0,16.11888538,26-07-2026,01:41,8838
1036.64290168,247,0.716,0.00021999,0.90312014,7.42124076,63200,0.00019628,-0.070388,5.83584941,117.88099999999989,11686.0,22.11910431,26-07-2026,01:41,6921
846.17890029,0,0.666,0.00029315,0.87306582,9.00519998,63400,0.00027757,-0.10075945,7.63797805,17.683999999999997,10009.0,30.95719189,26-07-2026,01:41,5234
663.10798779,3472,4.051,0.00039662,0.82443872,11.17917228,63600,0.00039927,-0.15499717,10.31289364,40.05,14390.0,48.2896116,26-07-2026,01:41,3717
495.95881045,2227,27.88099999999999,0.00052066,0.74381631,13.93115532,63800,0.00054288,-0.23951085,13.43955471,33.476,16497.0,80.84526406,26-07-2026,01:41,2748
350.66425654,17467,45.74700000000003,0.00063115,0.6341727,16.28033634,64000,0.00067287,-0.3571307,16.14670461,64.32300000000002,16778.0,135.02165459,26-07-2026,01:41,1971
231.01183135,13357,42.84100000000002,0.00068941,0.50269413,17.2659125,64200,0.00073664,-0.49750706,17.26585508,20.095000000000006,2760.0,215.75476017,26-07-2026,01:41,2287
143.04928202,13303,35.422000000000004,0.00065721,0.36540806,16.2739072,64400,0.00069912,-0.64431911,16.12360846,17.656,2398.0,327.49689105,26-07-2026,01:41,2788
86.59811218,17659,37.85200000000002,0.00054306,0.25018333,13.75885308,64600,0.00056618,-0.76933988,13.16283928,26.639999999999997,3538.0,471.15072507,26-07-2026,01:41,3466
53.63733402,7781,42.30800000000002,0.00040703,0.165595,10.76850113,64800,0.00040498,-0.85991703,9.63698042,9.700999999999997,1881.0,637.94114885,26-07-2026,01:41,4443
34.22459245,25461,96.76700000000007,0.00029183,0.11070052,8.17524718,65000,0.00025486,-0.92666443,6.02234793,24.382999999999985,1831.0,818.48042459,26-07-2026,01:41,5549
22.42893381,76546,137.39499999999998,0.00020509,0.07401386,6.06488398,65200,0.00013966,-0.96580547,3.28087343,16.361999999999995,5227.0,1006.40870533,26-07-2026,01:41,7215
15.32449752,37024,103.84799999999996,0.00014489,0.05117846,4.54729868,65400,3.329e-05,-0.9945935,0.67088823,7.208999999999998,1580.0,1199.59888851,26-07-2026,01:41,10226
12.12374321,16694,45.003,0.00010703,0.03848715,3.61438212,65600,0.0,-1.0,1e-08,5.720999999999998,843.0,1399.28151455,26-07-2026,01:41,14230
10.2578944,9922,41.93299999999998,8.42e-05,0.03182984,3.09273259,65800,0.0,-1.0,0.0,5.035,771.0,1599.21395513,26-07-2026,01:41,18620
6.06234083,35784,88.63300000000004,5.488e-05,0.01928128,2.0314245,66000,0.0,-1.0,0.0,30.04800000000001,2124.0,1799.20199774,26-07-2026,01:41,23209
3.03349655,23377,38.359,3.252e-05,0.01041914,1.19555572,66200,0.0,-1.0,0.0,1.1580000000000001,10.0,1999.20023887,26-07-2026,01:41,28308
2.02249277,12688,31.638999999999996,2.221e-05,0.00700521,0.84394866,66400,0.0,-1.0,0.0,0.09,0.0,2199.20002384,26-07-2026,01:41,34241
1.06205855,6073,31.385000000000005,1.304e-05,0.00387011,0.49779529,66600,0.0,-1.0,0.0,0.005,5.0,2399.20000199,26-07-2026,01:41,40425
0.55589104,31194,46.70300000000001,7.53e-06,0.00212018,0.28932598,66800,0.0,-1.0,0.0,1.4100000000000001,470.0,2599.20000014,26-07-2026,01:41,46727
0.55497663,16876,104.668,5.96e-06,0.00188629,0.26019737,67200,0.0,-1.0,0.0,2.915,501.0,2999.2,26-07-2026,01:41,60479
0.55495259,129237,245.59100000000035,4.85e-06,0.00170122,0.23685663,67600,0.0,-1.0,0.0,10.203,3333.0,3399.2,26-07-2026,01:41,74897
1834.03015134,60,0.060000000000000005,8.151e-05,0.95996907,3.72933548,62400,,,,,,,26-07-2026,01:46,16471
1441.26350473,0,0.226,0.00012966,0.93894189,5.22304067,62800,9.345e-05,-0.03259096,3.15150944,60.362999999999985,25909.0,10.72965381,26-07-2026,01:46,10941
1245.14912317,305,0.488,0.00016401,0.92625984,6.043527,63000,0.00013376,-0.0472789,4.2654207,26.853,17776.0,14.2472865,26-07-2026,01:46,8662
1050.18823207,247,0.716,0.00021166,0.90909229,7.0761844,63200,0.0001883,-0.0663965,5.57501798,117.8829999999999,11736.0,19.73023131,26-07-2026,01:46,6784
859.22467097,0,0.666,0.00028532,0.87834814,8.73534039,63400,0.0002689,-0.09570773,7.35013046,18.689999999999998,11009.0,28.9023897,26-07-2026,01:46,5136
676.63169387,3472,4.051,0.00038736,0.82913964,10.9799347,63600,0.00038616,-0.14645383,9.92435785,40.05,11390.0,45.61435655,26-07-2026,01:46,3673
508.56211663,2227,27.88099999999999,0.00051157,0.75203927,13.68392753,63800,0.00053254,-0.23068268,13.15443016,33.476,16701.0,77.55872085,26-07-2026,01:46,2723
360.57409517,17467,45.72200000000002,0.0006274,0.64445816,16.11021434,64000,0.00066359,-0.34458843,15.9284591,64.32300000000002,16778.0,129.48587676,26-07-2026,01:46,1952
238.24354434,13250,42.84100000000002,0.00069224,0.51377081,17.24399263,64200,0.0007404,-0.48588211,17.24333359,20.095000000000006,2760.0,206.68601096,26-07-2026,01:46,2295
146.61011287,13305,35.92300000000001,0.00066988,0.37531783,16.40470067,64400,0.00071203,-0.63344703,16.27977971,17.656,2398.0,315.24032003,26-07-2026,01:46,2804
88.37884663,17659,37.85200000000002,0.00055768,0.25537431,13.89872238,64600,0.00058136,-0.76255599,13.36659729,26.639999999999997,3538.0,456.87752435,26-07-2026,01:46,3487
54.93878399,7781,42.30800000000002,0.00041824,0.17044474,10.96299161,64800,0.00041673,-0.85648545,9.78936157,9.700999999999997,1881.0,623.14740408,26-07-2026,01:46,4470
35.15004906,25461,96.79400000000007,0.00030016,0.11400517,8.34320821,65000,0.00026718,-0.92167035,6.32792656,24.343999999999983,1831.0,803.66478507,26-07-2026,01:46,5577
23.06752801,77546,140.345,0.00021262,0.07710158,6.25277589,65200,0.00015048,-0.96208231,3.56821296,16.361999999999995,5227.0,991.43019966,26-07-2026,01:46,7247
15.96302936,37024,103.84799999999996,0.00014949,0.05285202,4.66196855,65400,0.0,-1.0,1.4e-07,7.208999999999998,1580.0,1183.71403802,26-07-2026,01:46,10291
12.72012233,16694,45.001000000000005,0.00010992,0.03983369,3.7141043,65600,0.0,-1.0,1e-08,5.720999999999998,843.0,1383.29233803,26-07-2026,01:46,14318
10.78691796,9922,41.93299999999998,8.709e-05,0.03315657,3.19647654,65800,0.0,-1.0,0.0,5.035,771.0,1583.21599968,26-07-2026,01:46,18728
6.09744374,35784,88.63300000000004,5.563e-05,0.01941331,2.0418016,66000,0.0,-1.0,0.0,30.04800000000001,2124.0,1783.20231783,26-07-2026,01:46,23336
3.05257415,23377,38.369,3.292e-05,0.01048379,1.20118452,66200,0.0,-1.0,0.0,1.1580000000000001,10.0,1983.2002804,26-07-2026,01:46,28457
2.03521274,12688,31.638999999999996,2.248e-05,0.00704667,0.84775623,66400,0.0,-1.0,0.0,0.09,0.0,2183.20002831,26-07-2026,01:46,34407
1.06938925,6073,31.385000000000005,1.318e-05,0.00389159,0.49991725,66600,0.0,-1.0,0.0,0.005,5.0,2383.20000239,26-07-2026,01:46,40609
0.56045966,31194,49.772000000000006,7.6e-06,0.00212989,0.29031895,66800,0.0,-1.0,0.0,1.4100000000000001,470.0,2583.20000017,26-07-2026,01:46,46929
0.55917402,16876,104.668,6.01e-06,0.00189328,0.26088204,67200,0.0,-1.0,0.0,2.915,501.0,2983.2,26-07-2026,01:46,60718
0.55785119,129237,245.59100000000035,4.9e-06,0.0017091,0.23770214,67600,0.0,-1.0,0.0,10.203,3333.0,3383.2,26-07-2026,01:46,75173
1818.33458341,60,0.060000000000000005,8.272e-05,0.95954659,3.75722685,62400,,,,,,,26-07-2026,01:49,16577
1426.12630521,0,0.226,0.00013263,0.9374637,5.31564662,62800,0.00010064,-0.03633587,3.44235967,60.362999999999985,25909.0,11.48625468,26-07-2026,01:49,11048
1230.70680471,305,0.488,0.00016912,0.92293402,6.24348388,63000,0.00014094,-0.05106033,4.53090524,26.853,17776.0,15.82826092,26-07-2026,01:49,8766
1036.24615455,247,0.716,0.00021944,0.90380669,7.36944028,63200,0.00019618,-0.07036942,5.82431082,117.93199999999989,11736.0,21.47771709,26-07-2026,01:49,6885
845.51437944,0,0.666,0.00029275,0.87432831,8.92689155,63400,0.00027884,-0.10099796,7.6371351,18.741,11009.0,30.28552793,26-07-2026,01:49,5235
662.58496449,3472,4.051,0.00039691,0.82452122,11.15606548,63600,0.00039891,-0.1532448,10.21745173,43.05,11390.0,47.38135761,26-07-2026,01:49,3771
494.46666025,2227,27.88099999999999,0.00052364,0.74579421,13.85032059,63800,0.00054639,-0.23713877,13.34283542,33.68,16701.0,79.15130359,26-07-2026,01:49,2814
347.39612173,17467,45.72200000000002,0.00064053,0.63584776,16.22615689,64000,0.00068086,-0.3549894,16.08385669,64.52500000000002,16778.0,132.25537978,26-07-2026,01:49,2037
227.46329065,13251,42.94800000000002,0.00070065,0.50225953,17.23505951,64200,0.00074948,-0.49782155,17.23532037,20.095000000000006,2760.0,212.35608297,26-07-2026,01:49,2352
139.47260732,13375,35.92500000000001,0.00066592,0.36370554,16.21949834,64400,0.00070772,-0.64600947,16.06775049,17.656999999999996,2398.0,324.39039648,26-07-2026,01:49,2845
83.04349349,17659,37.85200000000002,0.00054844,0.24518895,13.58704636,64600,0.00057166,-0.7744698,12.97441651,26.637999999999998,3538.0,467.41941293,26-07-2026,01:49,3519
50.36594457,7732,42.30800000000002,0.00040752,0.16073791,10.54338658,64800,0.00040227,-0.86689145,9.28971251,9.700999999999997,1881.0,635.29656665,26-07-2026,01:49,4490
31.71398024,25461,96.42000000000007,0.00028798,0.10487231,7.84887873,65000,0.00025071,-0.92962654,5.82452748,24.143999999999984,1831.0,816.73386609,26-07-2026,01:49,5592
20.88551491,77546,140.145,0.00020147,0.07078171,5.85050139,65200,0.0001303,-0.96962298,2.97022475,16.361999999999995,5227.0,1005.71202485,26-07-2026,01:49,7251
14.70766352,37024,103.84799999999996,0.00014164,0.0488908,4.37667659,65400,0.0,-1.0,8e-08,7.208999999999998,1580.0,1199.69148322,26-07-2026,01:49,10271
11.95369633,16694,45.001000000000005,0.00010707,0.03849484,3.60855538,65600,0.0,-1.0,0.0,5.690999999999999,843.0,1399.37959924,26-07-2026,01:49,14291
9.62748694,9922,41.93299999999998,8.244e-05,0.03071895,2.99789031,65800,0.0,-1.0,0.0,5.035,771.0,1599.31354948,26-07-2026,01:49,18699
4.9724489,35784,88.63300000000004,5.01e-05,0.016785,1.80171622,66000,0.0,-1.0,0.0,30.04800000000001,2124.0,1799.30192728,26-07-2026,01:49,23305
2.9299434,23377,38.269,3.252e-05,0.01041874,1.19340095,66200,0.0,-1.0,0.0,1.1580000000000001,10.0,1999.30022882,26-07-2026,01:49,28419
1.02633498,12687,31.638999999999996,1.498e-05,0.0041507,0.52904986,66400,0.0,-1.0,0.0,0.09,0.0,2199.30002266,26-07-2026,01:49,34370
1.0278027,6073,31.385000000000005,1.304e-05,0.00387062,0.49696841,66600,0.0,-1.0,0.0,0.005,5.0,2399.30000187,26-07-2026,01:49,40571
0.53803653,31194,49.772000000000006,7.52e-06,0.00211878,0.28862696,66800,0.0,-1.0,0.0,1.4100000000000001,470.0,2599.30000013,26-07-2026,01:49,46891
0.53891443,16876,104.668,5.95e-06,0.0018847,0.25952251,67200,0.0,-1.0,0.0,2.915,501.0,2999.3,26-07-2026,01:49,60680
0.53981159,129237,245.59100000000035,4.85e-06,0.00170138,0.23645558,67600,0.0,-1.0,0.0,10.203,3333.0,3399.3,26-07-2026,01:49,75134
1822.49254079,60,0.060000000000000005,8.049e-05,0.96129529,3.610647,62400,,,,,,,26-07-2026,02:08,16504
1430.49539835,0,0.226,0.00013037,0.93927812,5.17491856,62800,9.451e-05,-0.0327796,3.15094302,60.92299999999999,25893.0,10.16742172,26-07-2026,02:08,10975
1235.99905918,305,0.488,0.00016815,0.9231631,6.20538408,63000,0.00013855,-0.04980364,4.42472319,26.853,17776.0,15.92129161,26-07-2026,02:08,8696
1041.21444184,247,0.716,0.00021743,0.90496501,7.27606414,63200,0.00019357,-0.06904847,5.71786156,117.81299999999987,11726.0,21.46720227,26-07-2026,02:08,6815
850.00868178,0,0.666,0.00029024,0.87562891,8.82813314,63400,0.00027501,-0.09856702,7.47365262,18.845,11009.0,29.8453588,26-07-2026,02:08,5164
666.01886763,3472,4.051,0.00039403,0.82819435,10.96453063,63600,0.00039488,-0.14903795,9.99151995,45.051,9390.0,45.68168938,26-07-2026,02:08,3700
495.11957246,2227,27.90599999999999,0.00052585,0.75263522,13.59913015,63800,0.00054734,-0.23000621,13.06824841,38.69,21711.0,74.91723094,26-07-2026,02:08,2715
344.47812787,17392,45.90800000000003,0.00065537,0.64334159,16.04869841,64000,0.00069604,-0.34698603,15.8904547,68.69500000000002,13632.0,123.97880196,26-07-2026,02:08,1967
221.17882736,12413,45.92000000000002,0.00073033,0.50622543,17.1672388,64200,0.00078162,-0.49356784,17.16703707,20.824000000000005,3222.0,200.60601538,26-07-2026,02:08,2323
131.67569179,21663,40.360000000000014,0.00069706,0.3609006,16.11485266,64400,0.00074295,-0.64953724,15.94862569,17.657999999999998,2398.0,311.14681189,26-07-2026,02:08,2771
75.9199595,17669,38.51300000000002,0.00056717,0.23636042,13.2675384,64600,0.00058905,-0.78375967,12.61695456,26.588,3538.0,455.02068934,26-07-2026,02:08,3700
44.94537275,7732,37.655000000000015,0.00041072,0.15101571,10.07972924,64800,0.00040003,-0.87836811,8.69133914,9.650999999999998,1881.0,624.04913092,26-07-2026,02:08,4817
28.46260296,27139,96.97800000000005,0.0002854,0.09910868,7.50368222,65000,0.00023894,-0.93797715,5.2613499,24.153999999999982,1831.0,807.69214156,26-07-2026,02:08,6070
19.4967977,77316,140.475,0.00019875,0.06766384,5.62926272,65200,0.00011604,-0.97512087,2.50508616,16.361999999999995,4927.0,998.57956296,26-07-2026,02:08,7915
14.88171095,37024,103.84799999999996,0.0001442,0.05020413,4.45313551,65400,0.0,-1.0,4e-08,7.208999999999998,1580.0,1194.19247954,26-07-2026,02:08,11133
11.98371902,16695,45.00200000000001,0.00010765,0.03860082,3.60272319,65600,0.0,-1.0,0.0,5.690999999999999,843.0,1393.87933512,26-07-2026,02:08,15332
7.98831627,9922,41.93499999999999,7.504e-05,0.02614327,2.61125617,65800,0.0,-1.0,0.0,5.035,771.0,1593.81340647,26-07-2026,02:08,19917
3.9934265,38784,91.66300000000004,4.482e-05,0.01416975,1.55188903,66000,0.0,-1.0,0.0,30.03900000000001,2124.0,1793.80189035,26-07-2026,02:08,24699
1.99635576,21627,40.038,2.589e-05,0.00756632,0.89820055,66200,0.0,-1.0,0.0,1.1580000000000001,10.0,1993.80022216,26-07-2026,02:08,30048
1.0479213,9685,34.592,1.504e-05,0.00415905,0.52796275,66400,0.0,-1.0,0.0,0.09,0.0,2193.80002175,26-07-2026,02:08,36198
0.99687562,6184,31.385000000000005,8.6e-06,0.00226639,0.30561864,66600,0.0,-1.0,0.0,0.005,5.0,2393.80000177,26-07-2026,02:08,42540
0.54881442,32806,53.11600000000001,7.54e-06,0.00212245,0.28797289,66800,0.0,-1.0,0.0,1.4100000000000001,470.0,2593.80000012,26-07-2026,02:08,49005
0.54884005,16851,104.643,5.97e-06,0.00188755,0.25888343,67200,0.0,-1.0,0.0,2.915,501.0,2993.8,26-07-2026,02:08,63146
0.54841445,136237,245.59100000000035,4.87e-06,0.00170363,0.23583356,67600,0.0,-1.0,0.0,10.203,3333.0,3393.8,26-07-2026,02:08,77952
1775.57537304,60,0.060000000000000005,8.188e-05,0.96194146,3.52017794,62400,,,,,,,26-07-2026,02:59,28823
1383.56539055,0,0.226,0.00013489,0.93925296,5.11663426,62800,9.916e-05,-0.03359171,3.17786859,62.531,27143.0,9.99136859,26-07-2026,02:59,19821
1192.588631,305,0.497,0.0001802,0.91674263,6.51719523,63000,0.00015608,-0.05873451,4.98330591,26.911,17776.0,18.98575316,26-07-2026,02:59,15830
999.44032029,247,0.716,0.0002344,0.89520619,7.72406455,63200,0.00021579,-0.0806708,6.36401357,118.9039999999999,11726.0,25.49538779,26-07-2026,02:59,12231
808.87309721,0,0.666,0.00031203,0.86380438,9.29188125,63400,0.00030239,-0.11310826,8.15985759,19.126999999999995,11009.0,35.22942634,26-07-2026,02:59,8863
625.74368275,3472,4.151,0.00042208,0.81230941,11.45684302,63600,0.00042771,-0.16670027,10.62973569,46.208000000000006,9291.0,51.7282819,26-07-2026,02:59,5682
456.27772449,2221,27.91499999999999,0.00056155,0.73259427,13.99704309,63800,0.00058655,-0.25223639,13.58151301,39.39,21811.0,82.3811443,26-07-2026,02:59,2964
310.02899444,17242,58.57100000000004,0.00068947,0.61537488,16.25566373,64000,0.0007339,-0.37691553,16.15625813,162.94900000000004,97749.0,135.89486233,26-07-2026,02:59,480
196.02559399,97066,132.19400000000002,0.00073728,0.47214689,16.92901548,64200,0.00078837,-0.53001754,16.92233164,22.325000000000006,4659.0,221.99967051,26-07-2026,02:59,-420
117.13516085,22818,48.21600000000001,0.00067004,0.33040953,15.41301564,64400,0.0007107,-0.68205608,15.17111825,18.029999999999998,2398.0,342.95467966,26-07-2026,02:59,3307
68.22348858,17785,40.98000000000002,0.00052804,0.21583095,12.45726153,64600,0.00054364,-0.80616248,11.68558235,26.288,3538.0,494.12596835,26-07-2026,02:59,5924
40.45400934,6917,38.591000000000015,0.00037852,0.13774641,9.3640868,64800,0.00036051,-0.89337775,7.82117987,9.635999999999997,1881.0,666.03286178,26-07-2026,02:59,8730
25.0346484,28937,101.27600000000007,0.00026016,0.08829916,6.81048334,65000,0.00020347,-0.95014421,4.37715435,24.303999999999984,1831.0,850.51746088,26-07-2026,02:59,11667
16.53871629,77317,140.17000000000002,0.00017839,0.05876148,4.98506574,65200,7.06e-05,-0.98745215,1.38104145,15.462,4927.0,1042.05769248,26-07-2026,02:59,15234
12.1154412,37664,105.95799999999996,0.00012633,0.04187179,3.8042027,65400,0.0,-1.0,0.0,7.208999999999998,1580.0,1240.24297357,26-07-2026,02:59,20143
9.99551916,16695,45.00200000000001,9.552e-05,0.03310105,3.13956101,65600,0.0,-1.0,0.0,5.690999999999999,843.0,1440.04555973,26-07-2026,02:59,26073
4.99757538,9922,42.435999999999986,5.747e-05,0.01799016,1.88221875,65800,0.0,-1.0,0.0,4.865,771.0,1640.00710554,26-07-2026,02:59,32399
2.99868701,38784,91.69500000000002,3.691e-05,0.01110634,1.24227096,66000,0.0,-1.0,0.0,30.03500000000001,2124.0,1840.00092017,26-07-2026,02:59,38922
1.049316,21627,40.945,1.689e-05,0.00440878,0.5497751,66200,0.0,-1.0,0.0,1.1580000000000001,10.0,2040.00009885,26-07-2026,02:59,46005
1.04954735,10583,37.992,1.455e-05,0.00409013,0.51410107,66400,0.0,-1.0,0.0,0.05,0.0,2240.0000088,26-07-2026,02:59,53901
0.54971316,6184,31.49600000000001,8.33e-06,0.00223126,0.29783248,66600,0.0,-1.0,0.0,0.005,5.0,2440.00000065,26-07-2026,02:59,62009
0.54935814,35806,56.11600000000001,7.33e-06,0.00209204,0.28093564,66800,0.0,-1.0,0.0,1.4100000000000001,470.0,2640.00000004,26-07-2026,02:59,70239
0.5492369,16851,104.568,5.82e-06,0.0018641,0.2529899,67200,0.0,-1.0,0.0,2.615,501.0,3040.0,26-07-2026,02:59,88030
0.54934142,136237,252.4230000000004,4.76e-06,0.00168495,0.23076853,67600,0.0,-1.0,0.0,10.203,3333.0,3440.0,26-07-2026,02:59,106485
1811.33355294,60,0.060000000000000005,7.997e-05,0.96215119,3.50419741,62400,,,,,,,26-07-2026,03:02,28564
1418.50084547,0,0.226,0.00012894,0.94168408,4.95523007,62800,9.136e-05,-0.03054182,2.93756261,62.531,27143.0,9.23495416,26-07-2026,03:02,19546
1226.34307096,305,0.497,0.00017152,0.92091478,6.26895596,63000,0.00014465,-0.05337093,4.62057063,26.911,17776.0,17.14388984,26-07-2026,03:02,15549
1032.42861121,247,0.716,0.00022213,0.9013757,7.38995955,63200,0.00020098,-0.07375743,5.94491877,118.9039999999999,11726.0,22.98839424,26-07-2026,03:02,11946
841.22419607,0,0.666,0.00029527,0.87243981,8.88099544,63400,0.00028231,-0.10335474,7.64670939,19.126999999999995,11009.0,31.75250886,26-07-2026,03:02,8575
657.16612495,3472,4.151,0.00040023,0.8246478,10.97894392,63600,0.00040214,-0.15304574,10.05132878,46.208000000000006,9291.0,46.8292028,26-07-2026,03:02,5389
484.12573652,2221,27.91499999999999,0.00053701,0.75041268,13.50527875,63800,0.00055902,-0.23263736,12.99855364,39.39,21811.0,74.27333445,26-07-2026,03:02,2679
333.70206178,17242,60.57100000000004,0.00067042,0.63884491,15.93132882,64000,0.00071261,-0.35164545,15.78250706,166.44900000000004,98149.0,123.99772249,26-07-2026,03:02,210
214.37735243,97066,132.19400000000002,0.00073483,0.4986007,16.96964941,64200,0.00078445,-0.5017144,16.96953582,22.325000000000006,4659.0,204.74168278,26-07-2026,03:02,-538
130.0964778,22818,48.21600000000001,0.00068589,0.35528583,15.84072839,64400,0.00072788,-0.65490176,15.67396919,18.386999999999997,2398.0,320.47914519,26-07-2026,03:02,3376
76.79970435,17785,40.98000000000002,0.00055274,0.23644464,13.11600426,64600,0.00057406,-0.78411329,12.45848364,26.288,3538.0,468.22222329,26-07-2026,03:02,6028
45.8093269,6917,38.591000000000015,0.00040393,0.15233364,10.02028156,64800,0.00039444,-0.87616517,8.69916123,9.635999999999997,1881.0,636.15021086,26-07-2026,03:02,8858
28.24316824,28937,101.27600000000007,0.00028114,0.0983422,7.37447685,65000,0.00023603,-0.93790446,5.20495497,24.303999999999984,1831.0,818.75327942,26-07-2026,03:02,11805
18.75662351,77317,140.17000000000002,0.00019472,0.06606995,5.4621887,65200,0.00010966,-0.9768917,2.32703314,15.462,4927.0,1009.00525645,26-07-2026,03:02,15387
13.90990959,37664,105.95799999999996,0.00013914,0.04758768,4.21710699,65400,0.0,-1.0,2e-08,7.208999999999998,1580.0,1204.72095578,26-07-2026,03:02,20329
11.60270768,16695,45.00200000000001,0.00010654,0.03839719,3.54552866,65600,0.0,-1.0,0.0,5.690999999999999,843.0,1404.462164,26-07-2026,03:02,26271
5.86262393,9922,42.435999999999986,6.493e-05,0.02099171,2.14575692,65800,0.0,-1.0,0.0,4.865,771.0,1604.41001816,26-07-2026,03:02,32603
2.90636262,38784,91.69500000000002,3.803e-05,0.01127429,1.25853588,66000,0.0,-1.0,0.0,30.03500000000001,2124.0,1804.40134087,26-07-2026,03:02,39130
1.11780613,21627,40.945,2.163e-05,0.00597744,0.72083115,66200,0.0,-1.0,0.0,1.1580000000000001,10.0,2004.40014889,26-07-2026,03:02,46220
1.01599546,10583,37.992,1.493e-05,0.004143,0.52002294,66400,0.0,-1.0,0.0,0.05,0.0,2204.40001371,26-07-2026,03:02,54116
0.5314415,6184,31.49600000000001,8.53e-06,0.00225822,0.30107895,66600,0.0,-1.0,0.0,0.005,5.0,2404.40000105,26-07-2026,03:02,62224
0.53508467,35806,56.11600000000001,7.49e-06,0.00211553,0.28378375,66800,0.0,-1.0,0.0,1.4100000000000001,470.0,2604.40000007,26-07-2026,03:02,70454
0.5344168,16851,104.568,5.94e-06,0.0018821,0.25519925,67200,0.0,-1.0,0.0,2.615,501.0,3004.4,26-07-2026,03:02,88246
0.53630051,136237,252.4230000000004,4.84e-06,0.00169931,0.23254957,67600,0.0,-1.0,0.0,10.203,3333.0,3404.4,26-07-2026,03:02,106704
1767.53844824,60,0.060000000000000005,6.638e-05,0.97360726,2.59302797,62400,,,,,,,26-07-2026,03:14,28962
1377.89617647,0,0.226,0.00013736,0.93815342,5.17123671,62800,0.00010056,-0.03383211,3.18574197,62.531,27143.0,10.32285956,26-07-2026,03:14,19940
1183.36507863,305,0.497,0.00017303,0.92378398,6.0772196,63000,0.00014765,-0.05311882,4.58943987,26.911,17776.0,17.3362701,26-07-2026,03:14,15939
989.66656443,247,0.716,0.0002216,0.9130921,6.70881136,63200,0.00021604,-0.07824353,6.1977159,118.80399999999989,11726.0,23.72094783,26-07-2026,03:14,12332
801.36957246,0,0.666,0.00032023,0.84344578,10.16876963,63400,0.00029496,-0.10745454,7.8413772,19.126999999999995,11009.0,34.21668749,26-07-2026,03:14,8956
618.23135843,3472,4.151,0.00043102,0.8091462,11.53611914,63600,0.00042815,-0.16424502,10.49461583,46.208000000000006,9291.0,51.93561261,26-07-2026,03:14,5767
450.44438088,2221,27.91499999999999,0.00056958,0.74611356,13.58671247,63800,0.00057679,-0.24913225,13.45167693,39.69,22111.0,84.36914076,26-07-2026,03:14,3036
305.53344961,17242,60.57100000000004,0.00070186,0.61138146,16.25069131,64000,0.00072755,-0.37818599,16.1215332,166.44900000000004,98149.0,139.61332153,26-07-2026,03:14,539
192.67721703,97066,132.49400000000003,0.00073845,0.46213426,16.83660784,64200,0.00078612,-0.53530364,16.84825478,22.625000000000007,4659.0,225.76676825,26-07-2026,03:14,-407
112.312435,22793,48.74300000000001,0.00069382,0.33039619,15.36564489,64400,0.00072305,-0.67691535,15.22677314,18.394999999999996,2398.0,345.76997962,26-07-2026,03:14,3290
63.9131908,18086,41.28100000000002,0.00052261,0.20518759,12.05224246,64600,0.00055165,-0.80083894,11.84287477,26.272,3538.0,497.52262259,26-07-2026,03:14,5899
36.93611734,6917,38.591000000000015,0.00037455,0.12788106,8.86850863,64800,0.00037017,-0.88498865,8.23176548,9.635999999999997,1881.0,670.38609477,26-07-2026,03:14,8707
22.60761136,28937,101.27600000000007,0.0002615,0.08668729,6.69711513,65000,0.00020097,-0.95242504,4.2035572,24.263999999999985,1831.0,855.43948965,26-07-2026,03:14,11651
14.67199399,77317,140.17000000000002,0.00017297,0.05508462,4.72274701,65200,0.0,-1.0,1.2e-07,15.462,4827.0,1048.29832035,26-07-2026,03:14,15219
10.98916899,37664,105.95799999999996,0.00011952,0.03894039,3.5740215,65400,0.0,-1.0,0.0,7.208999999999998,1580.0,1247.52110784,26-07-2026,03:14,20129
9.46388993,16695,45.00200000000001,9.242e-05,0.03171212,3.02032432,65600,3.298e-05,-0.99312412,0.81321401,5.690999999999999,743.0,1447.34078184,26-07-2026,03:14,26061
4.98862328,9922,42.435999999999986,5.793e-05,0.0180642,1.88307319,65800,0.0,-1.0,0.0,4.865,771.0,1647.30624769,26-07-2026,03:14,32405
2.22159064,38784,91.69500000000002,2.944e-05,0.00807258,0.93692476,66000,0.0,-1.0,0.0,30.03500000000001,2124.0,1847.30079366,26-07-2026,03:14,38933
1.04684315,21627,40.945,1.701e-05,0.00442443,0.54983943,66200,0.0,-1.0,0.0,1.1580000000000001,10.0,2047.30008352,26-07-2026,03:14,46018
1.0525602,10583,37.992,1.448e-05,0.00407949,0.51121321,66400,0.0,-1.0,0.0,0.05,0.0,2247.30000728,26-07-2026,03:14,53919
0.55028464,6184,31.49600000000001,8.29e-06,0.00222582,0.29619469,66600,0.0,-1.0,0.0,0.005,5.0,2447.30000053,26-07-2026,03:14,62033
0.5538402,35806,56.236000000000004,7.27e-06,0.00208341,0.27893413,66800,0.0,-1.0,0.0,1.4100000000000001,470.0,2647.30000003,26-07-2026,03:14,70268
0.55010302,16851,104.468,5.8e-06,0.00186044,0.25170559,67200,0.0,-1.0,0.0,2.615,501.0,3047.3,26-07-2026,03:14,88069
0.55267386,136237,252.4230000000004,4.73e-06,0.00167893,0.22923596,67600,0.0,-1.0,0.0,10.203,3333.0,3447.3,26-07-2026,03:14,106535
1811.8032632,60,0.060000000000000005,7.886e-05,0.96303315,3.38824248,62400,,,,,,,26-07-2026,04:08,29025
1417.63587274,0,0.226,0.00012478,0.94543051,4.63542145,62800,8.158e-05,-0.02538176,2.48189569,62.924,27013.0,7.05782174,26-07-2026,04:08,19788
1225.37814445,28,0.797,0.00016724,0.92551505,5.90431205,63000,0.00013824,-0.04892164,4.24987824,32.696,23462.0,14.84853715,26-07-2026,04:08,15685
1034.4360678,247,0.716,0.00022212,0.90068488,7.32171181,63200,0.00020251,-0.07567995,5.97637181,118.9429999999999,11726.0,23.89695911,26-07-2026,04:08,12039
839.82159634,0,0.666,0.00029279,0.87684737,8.54186586,63400,0.00027841,-0.09919609,7.31529441,19.226,11009.0,29.24200139,26-07-2026,04:08,8662
651.54147094,3472,4.151,0.0004006,0.83557527,10.38478429,63600,0.00039893,-0.14099989,9.37774738,46.443000000000005,8956.0,40.96346141,26-07-2026,04:08,5475
478.1242492,2221,27.91499999999999,0.0005463,0.76015335,13.03047156,63800,0.0005676,-0.22159511,12.46676809,39.905,22227.0,67.35688498,26-07-2026,04:08,2759
327.83231165,17242,61.17500000000004,0.0006907,0.64502794,15.60949557,64000,0.00073196,-0.34551008,15.45699481,170.91899999999998,98208.0,117.11443882,26-07-2026,04:08,298
207.81953914,98066,133.96800000000002,0.00076135,0.50002932,16.7274247,64200,0.0008135,-0.50067265,16.72718246,22.625000000000007,4659.0,197.02119412,26-07-2026,04:08,-395
122.80770873,22792,49.244000000000014,0.00071009,0.35111052,15.54855033,64400,0.00075511,-0.65982119,15.36652545,18.393999999999995,2398.0,311.67009807,26-07-2026,04:08,3498
70.33978821,18086,41.58100000000002,0.00056526,0.22820613,12.67615302,64600,0.00058554,-0.79287201,11.98661538,26.272,3538.0,459.35875007,26-07-2026,04:08,6153
41.05426349,6917,38.32800000000002,0.00040395,0.14432844,9.52686354,64800,0.00038912,-0.88645062,8.06552214,9.625999999999998,1881.0,630.19094027,26-07-2026,04:08,9001
25.63201774,28982,100.07100000000005,0.00027603,0.09196949,6.91919077,65000,0.00022557,-0.94397251,4.73297862,24.213999999999984,1831.0,814.24946371,26-07-2026,04:08,11969
16.72503637,77317,140.27,0.0001889,0.0614398,5.08827564,65200,9.071e-05,-0.98280922,1.78467868,15.261,4827.0,1005.3902633,26-07-2026,04:08,15569
12.11503708,37664,106.00799999999995,0.0001318,0.04278571,3.8158933,65400,0.0,-1.0,2e-08,7.208999999999998,1580.0,1202.97951414,26-07-2026,04:08,20531
9.12538227,16605,45.123000000000005,9.706e-05,0.03250983,3.04903139,65600,0.0,-1.0,0.0,5.790999999999999,743.0,1402.75199432,26-07-2026,04:08,26490
5.04511223,9922,42.43499999999999,5.951e-05,0.01831008,1.88339318,65800,0.0,-1.0,0.0,3.9799999999999995,771.0,1602.70800117,26-07-2026,04:08,32850
2.0218213,39860,92.41100000000003,3.03e-05,0.00819035,0.93828204,66000,0.0,-1.0,0.0,30.03500000000001,2124.0,1802.70101668,26-07-2026,04:08,39395
1.06085424,21627,40.945,1.741e-05,0.00447623,0.54931491,66200,0.0,-1.0,0.0,1.1580000000000001,10.0,2002.70010655,26-07-2026,04:08,46524
0.58959216,13073,40.482,1.496e-05,0.00414692,0.51304432,66400,0.0,-1.0,0.0,0.05,0.0,2202.70000921,26-07-2026,04:08,54460
0.55592575,6184,31.49600000000001,8.55e-06,0.00226023,0.29702669,66600,0.0,-1.0,0.0,0.005,5.0,2402.70000066,26-07-2026,04:08,62658
0.55442799,35856,56.33500000000001,7.5e-06,0.00211691,0.27989735,66800,0.0,-1.0,0.0,1.4100000000000001,470.0,2602.70000004,26-07-2026,04:08,70978
0.55415989,16851,104.468,5.94e-06,0.00188343,0.25172448,67200,0.0,-1.0,0.0,2.615,501.0,3002.7,26-07-2026,04:08,88954
0.55415437,136347,252.52300000000037,4.85e-06,0.00170033,0.22935913,67600,0.0,-1.0,0.0,10.203,3333.0,3402.7,26-07-2026,04:08,107594
1803.20524311,60,0.060000000000000005,7.844e-05,0.96363046,3.34155937,62400,,,,,,,26-07-2026,04:10,29112
1409.2378031,0,0.226,0.00012604,0.94487675,4.66995364,62800,8.48e-05,-0.0268081,2.59656448,62.924,27013.0,7.24952811,26-07-2026,04:10,19874
1217.20326233,28,0.797,0.00017309,0.9202789,6.21330683,63000,0.00013983,-0.04920903,4.26716015,32.696,23462.0,15.30529375,26-07-2026,04:10,15771
1026.35950143,247,0.716,0.00022475,0.89910958,7.40218762,63200,0.00020714,-0.07818653,6.12245671,118.9429999999999,11726.0,24.98403032,26-07-2026,04:10,12124
831.60585317,0,0.666,0.00029622,0.87504481,8.62434113,63400,0.00028222,-0.10076766,7.39561898,19.226,11009.0,30.22749155,26-07-2026,04:10,8745
643.85841707,3472,4.151,0.0004052,0.83266553,10.49729713,63600,0.00040449,-0.14384409,9.49998703,46.443000000000005,8956.0,42.49017226,26-07-2026,04:10,5558
471.3464924,2221,27.91499999999999,0.00055195,0.75641584,13.13260799,63800,0.00057335,-0.2263323,12.61012293,39.905,22227.0,69.63303002,26-07-2026,04:10,2837
322.27230503,17242,61.17500000000004,0.00069227,0.63963672,15.68317709,64000,0.00073448,-0.35116203,15.5406961,170.91899999999998,98208.0,120.57811753,26-07-2026,04:10,370
203.46953597,98066,133.96800000000002,0.00076107,0.49455083,16.71652767,64200,0.00081483,-0.50605679,16.71609828,22.625000000000007,4659.0,201.62904866,26-07-2026,04:10,-366
119.31878572,22792,49.244000000000014,0.00070788,0.34563058,15.45037277,64400,0.00075318,-0.66593395,15.25027391,18.393999999999995,2398.0,317.39738026,26-07-2026,04:10,3481
67.35925229,18086,41.58100000000002,0.00055851,0.22151075,12.4562107,64600,0.00057933,-0.80370572,11.5998639,26.272,3538.0,465.62780833,26-07-2026,04:10,6128
39.50675543,6917,38.32800000000002,0.00039798,0.13955544,9.30719468,64800,0.00038094,-0.89073289,7.84207391,9.625999999999998,1881.0,637.49959259,26-07-2026,04:10,8967
23.95495123,28982,100.07100000000005,0.00027087,0.08921595,6.7610114,65000,0.00021169,-0.94987542,4.33059068,24.213999999999984,1831.0,822.05344854,26-07-2026,04:10,11933
15.6672541,77317,140.27,0.00018368,0.05871164,4.90775252,65200,6.764e-05,-0.98868962,1.24332851,15.261,4827.0,1013.6104471,26-07-2026,04:10,15527
11.65735405,37664,106.00799999999995,0.00012861,0.04134642,3.70957363,65400,0.0,-1.0,1e-08,7.208999999999998,1580.0,1212.0583211,26-07-2026,04:10,20477
8.7987538,16605,45.123000000000005,9.391e-05,0.03110085,2.93762184,65600,0.0,-1.0,0.0,5.790999999999999,743.0,1411.84755778,26-07-2026,04:10,26432
4.8781441,9922,42.43499999999999,5.909e-05,0.01824557,1.8766429,65800,0.0,-1.0,0.0,3.9799999999999995,771.0,1611.80724065,26-07-2026,04:10,32792
1.94709183,39860,92.41100000000003,3.004e-05,0.00815499,0.93414223,66000,0.0,-1.0,0.0,30.03500000000001,2124.0,1811.80090998,26-07-2026,04:10,39336
1.02098008,21627,40.945,1.728e-05,0.00445859,0.54704192,66200,0.0,-1.0,0.0,1.1580000000000001,10.0,2011.8000943,26-07-2026,04:10,46462
0.92452047,13073,40.482,9.78e-06,0.00241777,0.3155137,66400,0.0,-1.0,0.0,0.05,0.0,2211.80000805,26-07-2026,04:10,54398
0.53526925,6184,31.49600000000001,8.49e-06,0.00225257,0.2959296,66600,0.0,-1.0,0.0,0.005,5.0,2411.80000057,26-07-2026,04:10,62597
0.53547817,35856,56.33500000000001,7.47e-06,0.00211215,0.27916992,66800,0.0,-1.0,0.0,1.4100000000000001,470.0,2611.80000003,26-07-2026,04:10,70917
0.53712038,16851,104.468,5.92e-06,0.00187964,0.25111831,67200,0.0,-1.0,0.0,2.615,501.0,3011.8,26-07-2026,04:10,88892
0.53757781,136347,252.52300000000037,4.83e-06,0.00169731,0.22885968,67600,0.0,-1.0,0.0,10.203,3333.0,3411.8,26-07-2026,04:10,107531
1818.17872437,60,0.060000000000000005,7.72e-05,0.96417438,3.29780486,62400,,,,,,,26-07-2026,04:14,28972
1423.95483591,0,0.226,0.00012248,0.94702881,4.5211402,62800,8.109e-05,-0.02530428,2.4720371,62.924,27013.0,6.97500524,26-07-2026,04:14,19742
1231.37143854,28,0.797,0.00016525,0.92691941,5.81074016,63000,0.00013577,-0.04764233,4.15480526,32.696,23462.0,14.49444603,26-07-2026,04:14,15643
1040.46686304,247,0.716,0.00022093,0.90054917,7.31860612,63200,0.00020111,-0.07540928,5.95158745,118.9429999999999,11726.0,23.71199967,26-07-2026,04:14,12001
845.48576419,0,0.666,0.00029034,0.87768466,8.48903859,63400,0.00027607,-0.09876306,7.28155405,19.226,11009.0,28.74476116,26-07-2026,04:14,8628
657.00702244,3472,4.151,0.00039694,0.83748464,10.29165191,63600,0.00039495,-0.14026049,9.33105909,46.723000000000006,8776.0,39.79553513,26-07-2026,04:14,5446
482.94604281,2221,27.91499999999999,0.00054266,0.76293531,12.92899672,63800,0.00056301,-0.21886702,12.36083433,40.005,22227.0,65.84050734,26-07-2026,04:14,2733
332.22111179,17242,61.17500000000004,0.00068838,0.64988016,15.51100707,64000,0.0007287,-0.34131373,15.36418518,170.839,98208.0,114.96771665,26-07-2026,04:14,277
210.54777473,98066,133.96800000000002,0.00076274,0.50444722,16.70263487,64200,0.00081676,-0.49546036,16.70284035,22.625000000000007,4659.0,193.30139849,26-07-2026,04:14,-388
123.75041192,22792,49.244000000000014,0.00071935,0.35368829,15.56733817,64400,0.00076492,-0.65699271,15.39301516,18.393999999999995,2398.0,306.35193234,26-07-2026,04:14,3534
70.17701742,18086,41.58100000000002,0.00057312,0.2281389,12.65604506,64600,0.00059327,-0.79299686,11.96525914,26.272,3538.0,452.87942867,26-07-2026,04:14,6192
40.5095923,6917,38.32800000000002,0.00040698,0.14119352,9.37317046,64800,0.00038951,-0.89013739,7.8660621,9.625999999999998,1881.0,623.15035734,26-07-2026,04:14,9042
24.84831427,28982,100.07100000000005,0.00027494,0.08895061,6.74023803,65000,0.00021554,-0.94966691,4.34120636,24.167999999999985,1831.0,807.24069989,26-07-2026,04:14,12011
16.11724977,77317,140.27,0.00018491,0.05796156,4.85425874,65200,6.9e-05,-0.9885755,1.25316394,15.261,4827.0,998.43048024,26-07-2026,04:14,15611
11.69189278,37664,106.00799999999995,0.00012829,0.04036781,3.63504006,65400,0.0,-1.0,1e-08,7.208999999999998,1580.0,1196.58970975,26-07-2026,04:14,20571
9.47804238,16605,45.123000000000005,9.76e-05,0.03260082,3.05172622,65600,0.0,-1.0,0.0,5.790999999999999,743.0,1396.35399183,26-07-2026,04:14,26529
5.01193842,9922,42.35499999999999,5.979e-05,0.01835454,1.88459733,65800,0.0,-1.0,0.0,3.9799999999999995,771.0,1596.30831993,26-07-2026,04:14,32891
2.00476241,39860,92.41100000000003,3.044e-05,0.00820957,0.93887533,66000,0.0,-1.0,0.0,30.03500000000001,2124.0,1796.30105806,26-07-2026,04:14,39436
1.05273488,21627,40.945,1.748e-05,0.00448558,0.54955471,66200,0.0,-1.0,0.0,1.1580000000000001,10.0,1996.30011092,26-07-2026,04:14,46566
1.0529162,13073,40.482,1.502e-05,0.00415511,0.51321732,66400,0.0,-1.0,0.0,0.05,0.0,2196.30000958,26-07-2026,04:14,54502
0.55154234,6184,31.49600000000001,8.58e-06,0.00226439,0.29709812,66600,0.0,-1.0,0.0,0.005,5.0,2396.30000068,26-07-2026,04:14,62701
0.55108839,35856,56.33500000000001,7.53e-06,0.00212076,0.27996056,66800,0.0,-1.0,0.0,1.4100000000000001,470.0,2596.30000004,26-07-2026,04:14,71021
0.55100231,16851,104.468,5.96e-06,0.00188625,0.2517073,67200,0.0,-1.0,0.0,2.615,501.0,2996.3,26-07-2026,04:14,88997
0.55083966,136347,252.52300000000037,4.86e-06,0.00170257,0.2293068,67600,0.0,-1.0,0.0,10.203,3333.0,3396.3,26-07-2026,04:14,107637
1778.7814734,60,0.060000000000000005,7.81e-05,0.96484734,3.20429415,62400,,,,,,,26-07-2026,05:10,29542
1385.34985984,0,0.226,0.00012927,0.94415561,4.6521745,62800,8.971e-05,-0.02850407,2.69457411,62.924,28013.0,7.76691939,26-07-2026,05:10,20235
1193.63274547,28,0.797,0.00017429,0.9230872,5.96242541,63000,0.00014687,-0.05215069,4.40690457,32.696,23462.0,15.89495603,26-07-2026,05:10,16115
1000.47361084,247,0.716,0.00022981,0.90075981,7.21136572,63200,0.00020919,-0.07529277,5.86655753,118.9439999999999,11726.0,23.19916824,26-07-2026,05:10,12452
808.52438494,0,0.666,0.00030765,0.87178877,8.65753867,63400,0.00029581,-0.10589086,7.55958721,19.275999999999996,11009.0,31.2740372,26-07-2026,05:10,9060
623.93914032,3472,4.2589999999999995,0.00042198,0.82264018,10.74208059,63600,0.00042471,-0.15662311,9.91401977,49.30300000000001,8856.0,46.30509113,26-07-2026,05:10,5857
453.92747402,2221,27.93099999999999,0.00056849,0.74115873,13.37218803,63800,0.00059301,-0.2427524,12.92540069,41.186,22227.0,76.27514252,26-07-2026,05:10,3110
306.22540761,17242,61.17500000000004,0.00070877,0.6223861,15.702446,64000,0.00075326,-0.36955379,15.59519741,171.356,97543.0,128.10309551,26-07-2026,05:10,608
186.72276968,98928,136.67000000000004,0.00077811,0.4740909,16.44964127,64200,0.00083241,-0.52802291,16.44395876,24.433000000000003,6347.0,208.94688945,26-07-2026,05:10,-251
103.57198454,24992,51.506000000000014,0.00071533,0.32081792,14.79241835,64400,0.00076077,-0.69331814,14.50896195,18.593999999999994,2198.0,325.58456606,26-07-2026,05:10,3431
56.03851148,21947,46.490000000000016,0.00054683,0.19823679,11.50669872,64600,0.00055785,-0.82648503,10.59395016,26.272,3538.0,477.54431903,26-07-2026,05:10,6130
32.4318029,6957,38.52000000000001,0.00037438,0.1220991,8.36722328,64800,0.00034357,-0.91133657,6.63584379,9.625999999999998,1881.0,654.19548685,26-07-2026,05:10,9105
20.09120941,29879,100.55300000000005,0.00024874,0.0769051,5.96190316,65000,0.00017314,-0.96349125,3.30518283,24.167999999999985,1831.0,841.87284132,26-07-2026,05:10,12202
12.99271565,77858,142.485,0.00016584,0.05010567,4.26879316,65200,0.0,-1.0,2.3e-07,15.062999999999997,4827.0,1036.17278618,26-07-2026,05:10,15940
9.40675669,37664,108.63899999999997,0.00011325,0.03420191,3.13292736,65400,0.0,-1.0,1e-08,7.221999999999998,1580.0,1235.4826419,26-07-2026,05:10,21027
7.66605193,16605,45.02000000000001,8.714e-05,0.02819994,2.6706479,65600,0.0,-1.0,0.0,5.788999999999999,743.0,1435.33150179,26-07-2026,05:10,27138
4.10021823,9922,42.35499999999999,5.148e-05,0.01519733,1.58251432,65800,0.0,-1.0,0.0,3.9699999999999998,771.0,1635.30446598,26-07-2026,05:10,33662
2.05587806,39860,92.41100000000003,2.945e-05,0.00807329,0.91302381,66000,0.0,-1.0,0.0,30.03500000000001,2124.0,1835.30051951,26-07-2026,05:10,40372
1.07899745,20627,52.507999999999996,1.696e-05,0.00441692,0.5349202,66200,0.0,-1.0,0.0,1.1580000000000001,10.0,2035.30004954,26-07-2026,05:10,47661
0.56624883,14933,42.342,9.61e-06,0.00239702,0.30870427,66400,0.0,-1.0,0.0,0.05,0.0,2235.30000387,26-07-2026,05:10,55746
0.56456606,6184,31.49600000000001,8.36e-06,0.00223478,0.28972314,66600,0.0,-1.0,0.0,0.005,5.0,2435.30000025,26-07-2026,05:10,64129
0.55926673,35856,56.334,7.35e-06,0.0020951,0.27325159,66800,0.0,-1.0,0.0,1.4100000000000001,470.0,2635.30000001,26-07-2026,05:10,72635
0.55829149,16851,104.468,5.84e-06,0.00186645,0.24602853,67200,0.0,-1.0,0.0,2.615,501.0,3035.3,26-07-2026,05:10,90979
0.56159485,136347,252.52300000000037,4.77e-06,0.00168683,0.22439143,67600,0.0,-1.0,0.0,10.203,3333.0,3435.3,26-07-2026,05:10,109988
1779.99665202,60,0.060000000000000005,7.981e-05,0.96343432,3.30741833,62400,,,,,,,26-07-2026,05:13,29486
1386.33942485,0,0.226,0.00012894,0.94436774,4.63546494,62800,8.96e-05,-0.02848698,2.69162862,63.924,28013.0,7.97401992,26-07-2026,05:13,20180
1194.52778255,28,0.797,0.00017393,0.92330522,5.94603202,63000,0.00014669,-0.05211658,4.40197883,32.696,23462.0,15.95638806,26-07-2026,05:13,16059
1001.69797989,247,0.716,0.0002298,0.90033384,7.22968669,63200,0.00020886,-0.07523175,5.8594325,118.9449999999999,11726.0,23.0628798,26-07-2026,05:13,12396
810.01739832,0,0.666,0.00030758,0.87059137,8.70837937,63400,0.00029527,-0.10579057,7.54990151,19.275999999999996,11009.0,31.41322108,26-07-2026,05:13,9005
625.30729698,3472,4.2589999999999995,0.0004208,0.8216472,10.77357998,63600,0.0004238,-0.15644628,9.90077168,49.30300000000001,8856.0,46.37470531,26-07-2026,05:13,5801
455.20401536,2221,27.93099999999999,0.00056654,0.74101715,13.36770896,63800,0.00059072,-0.24310069,12.92744019,41.189,22227.0,76.42179827,26-07-2026,05:13,3055
307.11653537,17242,61.17800000000004,0.00070731,0.62298636,15.68535928,64000,0.00075107,-0.36893917,15.57747267,171.421,97543.0,128.2191317,26-07-2026,05:13,552
187.8588118,100368,138.17800000000005,0.00077639,0.47501288,16.44228789,64200,0.00082979,-0.52692463,16.43701564,25.883000000000003,6347.0,208.83824711,26-07-2026,05:13,-307
104.78735848,24992,51.506000000000014,0.0007142,0.32225293,14.81110511,64400,0.00075713,-0.69094568,14.54947221,18.593999999999994,2198.0,325.57984187,26-07-2026,05:13,3443
56.83247219,22827,47.37000000000001,0.00054698,0.20014199,11.56607855,64600,0.00055858,-0.82401602,10.68283597,26.272,3538.0,477.74764792,26-07-2026,05:13,6174
33.15838496,6957,38.52000000000001,0.00037635,0.12438159,8.47149913,64800,0.00034693,-0.90921844,6.74918019,9.625999999999998,1881.0,653.79164183,26-07-2026,05:13,9202
20.54439142,29879,100.96300000000005,0.00025219,0.07942254,6.10573462,65000,0.00017554,-0.96267844,3.36322657,24.167999999999985,1831.0,841.14418157,26-07-2026,05:13,12346
13.31839391,77858,142.485,0.00016827,0.05146308,4.35804077,65200,0.0,-1.0,3e-07,15.062999999999997,4827.0,1035.07530982,26-07-2026,05:13,16132
9.51033973,37664,108.63899999999997,0.00011839,0.03691291,3.33311368,65400,0.0,-1.0,1e-08,7.221999999999998,1580.0,1234.38306787,26-07-2026,05:13,21269
8.01280285,16605,45.02000000000001,8.723e-05,0.02821552,2.67028667,65600,0.0,-1.0,0.0,5.788999999999999,743.0,1434.2315503,26-07-2026,05:13,27427
4.00448048,9922,42.35499999999999,5.153e-05,0.01520506,1.58223354,65800,0.0,-1.0,0.0,3.9699999999999998,771.0,1634.20446825,26-07-2026,05:13,33998
2.00312071,39860,92.41100000000003,2.948e-05,0.00807739,0.91288957,66000,0.0,-1.0,0.0,30.03500000000001,2124.0,1834.20051911,26-07-2026,05:13,40753
1.05113352,20627,52.507999999999996,1.697e-05,0.00441886,0.53480169,66200,0.0,-1.0,0.0,1.1580000000000001,10.0,2034.20004943,26-07-2026,05:13,48090
0.55087802,14933,42.342,9.62e-06,0.00239796,0.30863017,66400,0.0,-1.0,0.0,0.05,0.0,2234.20000386,26-07-2026,05:13,56220
0.55048015,6184,31.49600000000001,8.36e-06,0.0022356,0.28964143,66600,0.0,-1.0,0.0,0.005,5.0,2434.20000025,26-07-2026,05:13,64650
0.55087042,35856,56.334,7.36e-06,0.00209581,0.27317265,66800,0.0,-1.0,0.0,1.4100000000000001,470.0,2634.20000001,26-07-2026,05:13,73202
0.55065263,16851,104.468,5.84e-06,0.00186698,0.24594607,67200,0.0,-1.0,0.0,2.615,501.0,3034.2,26-07-2026,05:13,91639
0.55037083,136347,252.52300000000037,4.77e-06,0.00168731,0.22431662,67600,0.0,-1.0,0.0,10.203,3333.0,3434.2,26-07-2026,05:13,110741
1794.39736179,60,0.060000000000000005,7.847e-05,0.96400017,3.26512143,62400,,,,,,,26-07-2026,05:14,29664
1400.4855457,0,0.226,0.00012676,0.94512392,4.58513404,62800,8.314e-05,-0.02562852,2.46400426,63.924,28013.0,6.99426,26-07-2026,05:14,20282
1208.08248216,28,0.797,0.00016946,0.92596686,5.78748213,63000,0.00014116,-0.04944757,4.22107009,32.696,23462.0,14.98942567,26-07-2026,05:14,16126
1014.88322302,247,0.716,0.00022465,0.90305794,7.08364755,63200,0.00020273,-0.0724165,5.690499,118.9449999999999,11726.0,21.99026789,26-07-2026,05:14,12427
823.05900957,0,0.666,0.00030052,0.87455523,8.52109006,63400,0.00028599,-0.1005858,7.27753156,19.275999999999996,11009.0,29.54683137,26-07-2026,05:14,8999
637.43356202,3472,4.2589999999999995,0.00041192,0.82770883,10.53882512,63600,0.00041309,-0.15084344,9.66349086,49.30300000000001,8856.0,44.50889453,26-07-2026,05:14,5760
466.00444424,2221,27.93099999999999,0.0005565,0.74850938,13.16271995,63800,0.00057879,-0.23532081,12.69837844,41.189,22227.0,72.9973498,26-07-2026,05:14,2981
316.18566509,17242,61.17800000000004,0.00069777,0.63232222,15.55818809,64000,0.00074315,-0.35849122,15.42539441,171.421,99443.0,123.11853141,26-07-2026,05:14,451
194.97278039,100368,138.17800000000005,0.0007766,0.48605932,16.46283781,64200,0.00082919,-0.51509522,16.46097647,25.883000000000003,6347.0,201.94167744,26-07-2026,05:14,-366
109.84255506,24992,51.506000000000014,0.00072184,0.33272369,15.00274687,64400,0.00076754,-0.68002177,14.76584587,18.593999999999994,2198.0,316.51668436,26-07-2026,05:14,3459
59.99553482,22827,47.37000000000001,0.00055942,0.20816255,11.83895415,64600,0.00057379,-0.81471685,11.0325024,26.272,3538.0,466.96797566,26-07-2026,05:14,6205
34.71975198,6957,38.52000000000001,0.00038676,0.12810618,8.64659714,64800,0.00036054,-0.90454037,7.00380371,9.625999999999998,1881.0,641.64854807,26-07-2026,05:14,9244
21.94803857,29879,100.96300000000005,0.00026035,0.0826929,6.29387378,65000,0.00019039,-0.95805608,3.69786955,24.167999999999985,1831.0,828.0799196,26-07-2026,05:14,12392
13.98366123,77858,142.485,0.00017347,0.05325135,4.47738075,65200,4.919e-05,-0.99263351,0.84168891,15.062999999999997,4827.0,1020.97020994,26-07-2026,05:14,16184
9.99328233,37664,108.63899999999997,0.00012029,0.03721212,3.35482537,65400,0.0,-1.0,1e-08,7.221999999999998,1580.0,1220.20563655,26-07-2026,05:14,21333
7.98358489,16605,45.02000000000001,8.847e-05,0.02841853,2.68598706,65600,0.0,-1.0,0.0,5.788999999999999,743.0,1420.03592205,26-07-2026,05:14,27495
3.99442435,9922,42.35499999999999,5.221e-05,0.01530558,1.59107849,65800,0.0,-1.0,0.0,3.9699999999999998,771.0,1620.00515718,26-07-2026,05:14,34066
1.99738341,39860,92.41100000000003,2.983e-05,0.00812626,0.91764154,66000,0.0,-1.0,0.0,30.03500000000001,2124.0,1820.0006074,26-07-2026,05:14,40824
1.04817924,20627,52.507999999999996,1.716e-05,0.00444373,0.53744351,66200,0.0,-1.0,0.0,1.1580000000000001,10.0,2020.00005863,26-07-2026,05:14,48163
0.54839884,14933,42.342,9.72e-06,0.00241049,0.31005693,66400,0.0,-1.0,0.0,0.05,0.0,2220.00000464,26-07-2026,05:14,56293
0.54897019,6184,31.49600000000001,8.45e-06,0.00224633,0.29087556,66600,0.0,-1.0,0.0,0.005,5.0,2420.0000003,26-07-2026,05:14,64723
0.54919479,35856,56.334,7.42e-06,0.00210507,0.27423806,66800,0.0,-1.0,0.0,1.4100000000000001,470.0,2620.00000002,26-07-2026,05:14,73275
0.54929935,16851,104.468,5.89e-06,0.00187416,0.24677965,67200,0.0,-1.0,0.0,2.615,501.0,3020.0,26-07-2026,05:14,91713
0.54925143,136347,252.52300000000037,4.81e-06,0.00169299,0.22497944,67600,0.0,-1.0,0.0,10.203,3333.0,3420.0,26-07-2026,05:14,110815
1788.52464035,60,0.060000000000000005,7.839e-05,0.96426994,3.24351319,62400,,,,,,,26-07-2026,05:16,29712
1394.19929886,0,0.226,0.00012707,0.94532796,4.56948782,62800,8.63e-05,-0.02704825,2.57637049,63.924,28013.0,7.83072043,26-07-2026,05:16,20329
1202.34576286,28,0.797,0.00017191,0.92403815,5.89940828,63000,0.00014372,-0.05074527,4.30711851,32.696,23462.0,15.40145993,26-07-2026,05:16,16171
1009.41045095,247,0.716,0.00022659,0.90219524,7.12646206,63200,0.00020537,-0.07374679,5.76761895,118.9449999999999,11726.0,22.42285575,26-07-2026,05:16,12471
817.3934996,0,0.666,0.0003032,0.87351726,8.56613569,63400,0.0002901,-0.10309291,7.40561631,19.275999999999996,11009.0,30.24578916,26-07-2026,05:16,9043
632.64967209,3472,4.2589999999999995,0.00041536,0.82552969,10.61848294,63600,0.00041751,-0.15346336,9.76999068,49.30300000000001,8856.0,45.51170405,26-07-2026,05:16,5802
462.23283745,2221,27.93099999999999,0.00055879,0.74684843,13.20301274,63800,0.00058335,-0.23718163,12.74804242,41.189,22227.0,74.70419588,26-07-2026,05:16,3021
312.85326162,17242,61.17800000000004,0.00070139,0.62847136,15.60373136,64000,0.00074314,-0.36342765,15.49060051,171.421,99443.0,125.86291844,26-07-2026,05:16,486
192.34813729,100378,138.17800000000005,0.00077705,0.48153532,16.4474582,64200,0.00083182,-0.51781904,16.44952595,25.883000000000003,6347.0,204.69516723,26-07-2026,05:16,-364
107.04955503,24992,51.506000000000014,0.0007217,0.32757004,14.90210211,64400,0.00076471,-0.68494016,14.66250515,18.593999999999994,2198.0,319.83947098,26-07-2026,05:16,3434
58.23004364,23682,47.37000000000001,0.00055557,0.20461859,11.71369979,64600,0.00056914,-0.81971098,10.84091467,26.272,3538.0,470.79092681,26-07-2026,05:16,6172
33.78129207,6957,38.52000000000001,0.00038206,0.12535869,8.51306147,64800,0.0003577,-0.90539817,6.95451089,9.625999999999998,1881.0,646.08991178,26-07-2026,05:16,9228
20.94752081,29879,100.96300000000005,0.00025531,0.07992504,6.13138372,65000,0.00018102,-0.96125879,3.46522153,24.167999999999985,1831.0,833.09949144,26-07-2026,05:16,12392
13.60718117,77858,142.485,0.00017008,0.05174415,4.37440268,65200,1.76e-05,-0.99804785,0.25597207,15.062999999999997,4827.0,1026.72629357,26-07-2026,05:16,16198
9.81385584,37664,108.63899999999997,0.00011955,0.03709687,3.34476859,65400,0.0,-1.0,1e-08,7.221999999999998,1580.0,1225.99499623,26-07-2026,05:16,21357
8.08508764,16605,45.02000000000001,8.796e-05,0.02833519,2.67816227,65600,0.0,-1.0,0.0,5.788999999999999,743.0,1425.83382215,26-07-2026,05:16,27535
4.04992818,9922,42.35499999999999,5.197e-05,0.01527,1.5871696,65800,0.0,-1.0,0.0,3.9699999999999998,771.0,1625.80482007,26-07-2026,05:16,34124
2.02532573,39860,92.41100000000003,2.97e-05,0.00810888,0.91549444,66000,0.0,-1.0,0.0,30.03500000000001,2124.0,1825.80056339,26-07-2026,05:16,40898
1.0643178,20627,52.507999999999996,1.709e-05,0.00443492,0.53624411,66200,0.0,-1.0,0.0,1.1580000000000001,10.0,2025.80005396,26-07-2026,05:16,48253
0.55751706,14933,42.342,9.68e-06,0.00240535,0.30931248,66400,0.0,-1.0,0.0,0.05,0.0,2225.80000423,26-07-2026,05:16,56401
0.5571344,6184,31.49600000000001,8.42e-06,0.00224255,0.29029803,66600,0.0,-1.0,0.0,0.005,5.0,2425.80000027,26-07-2026,05:16,64848
0.55548514,35856,56.334,7.39e-06,0.00210129,0.27366196,66800,0.0,-1.0,0.0,1.4100000000000001,470.0,2625.80000001,26-07-2026,05:16,73418
0.55523166,16851,104.468,5.87e-06,0.00187121,0.24630996,67200,0.0,-1.0,0.0,2.615,501.0,3025.8,26-07-2026,05:16,91890
0.55462594,136347,252.52300000000037,4.79e-06,0.00169076,0.22460516,67600,0.0,-1.0,0.0,10.203,3333.0,3425.8,26-07-2026,05:16,111026
1698.48020864,60,0.060000000000000005,8.25e-05,0.96438431,3.168196,62400,,,,,,,26-07-2026,06:39,44621
1304.16472409,0,0.226,0.00013758,0.94406525,4.55652985,62800,9.799e-05,-0.02981474,2.73611352,145.56299999999996,89539.0,7.44136653,26-07-2026,06:39,29151
1112.45454752,28,0.797,0.00018948,0.92085198,5.96042277,63000,0.00016177,-0.0547971,4.48313434,53.662000000000006,43846.0,15.90369759,26-07-2026,06:39,23134
922.61881448,247,0.8069999999999999,0.00025707,0.89108372,7.54645889,63200,0.00024,-0.08607696,6.34905702,126.98099999999991,10767.0,26.10513911,26-07-2026,06:39,17995
731.38905345,0,0.666,0.00034829,0.85792005,9.08684025,63400,0.00033977,-0.11928786,8.05166054,22.926000000000002,11059.0,34.80340981,26-07-2026,06:39,13138
549.28382647,4467,5.484,0.00048244,0.80026739,11.30655215,63600,0.00049142,-0.18029893,10.6171307,57.540000000000006,12060.0,52.44441603,26-07-2026,06:39,8469
385.37142241,2161,29.06899999999999,0.00064378,0.70381626,13.97176768,63800,0.00067726,-0.28256137,13.66598611,54.697,36849.0,88.06602468,26-07-2026,06:39,4351
247.88361766,20345,68.00900000000004,0.00077241,0.56752193,15.89344096,64000,0.00082213,-0.42815873,15.86287802,214.56400000000002,137296.0,151.02272585,26-07-2026,06:39,590
143.84428906,112178,155.05200000000002,0.0007897,0.40867139,15.70059161,64200,0.00084172,-0.59763214,15.63959969,43.655000000000015,21445.0,247.1203304,26-07-2026,06:39,-1347
77.25897882,77930,104.89700000000002,0.00066385,0.26190992,13.16019126,64400,0.00069586,-0.75659176,12.6618866,19.675999999999995,2208.0,380.63020644,26-07-2026,06:39,2042
42.64354866,40372,65.206,0.00047307,0.15873012,9.78329056,64600,0.00046461,-0.87058956,8.52349541,25.089999999999996,3538.0,545.85575581,26-07-2026,06:39,6468
26.81745002,7903,42.26400000000001,0.0003188,0.10203695,7.19841761,64800,0.00027527,-0.93232412,5.28756336,9.625999999999998,1881.0,729.12189323,26-07-2026,06:39,11234
18.64355244,32194,107.933,0.00021725,0.06892799,5.36290273,65000,0.00014109,-0.96996805,2.75260034,24.346999999999984,2231.0,921.70832122,26-07-2026,06:39,16100
13.42262413,78057,145.01999999999998,0.00015216,0.04888849,4.09455047,65200,2.421e-05,-0.9967519,0.39721929,15.059999999999997,4827.0,1116.68898586,26-07-2026,06:39,21624
8.79514305,52784,125.05299999999994,0.00010367,0.03270105,2.95337661,65400,0.0,-1.0,0.0,7.221999999999998,1580.0,1315.96945117,26-07-2026,06:39,28518
3.89815555,17123,52.932000000000016,5.766e-05,0.01609238,1.62586952,65600,0.0,-1.0,0.0,5.757,743.0,1515.91028335,26-07-2026,06:39,36772
1.94666646,11661,47.798,3.268e-05,0.00850809,0.93519716,65800,0.0,-1.0,0.0,3.9699999999999998,771.0,1715.90123866,26-07-2026,06:39,45439
1.0206022,48006,103.64600000000002,1.867e-05,0.0046361,0.54636629,66000,0.0,-1.0,0.0,30.03500000000001,2124.0,1915.90012121,26-07-2026,06:39,54330
0.53420616,94371,134.838,1.051e-05,0.00250677,0.31444598,66200,0.0,-1.0,0.0,1.1580000000000001,10.0,2115.90000963,26-07-2026,06:39,63952
0.53526379,18978,46.375,9.07e-06,0.00232839,0.29412868,66400,0.0,-1.0,0.0,0.05,0.0,2315.90000062,26-07-2026,06:39,75867
0.53364269,6184,31.99600000000001,7.93e-06,0.00217635,0.2766766,66600,0.0,-1.0,0.0,0.005,5.0,2515.90000003,26-07-2026,06:39,88159
0.53452405,35856,58.884,7e-06,0.00204454,0.26143413,66800,0.0,-1.0,0.0,1.4100000000000001,470.0,2715.9,26-07-2026,06:39,100573
0.53608571,16601,104.718,5.6e-06,0.00182709,0.23604548,67200,0.0,-1.0,0.0,2.615,501.0,3115.9,26-07-2026,06:39,126730
0.53928085,135477,254.9900000000004,4.59e-06,0.00165523,0.2157456,67600,0.0,-1.0,0.0,10.203,3333.0,3515.9,26-07-2026,06:39,153542
1648.0098108,60,0.060000000000000005,8.69e-05,0.9630149,3.26199697,62400,,,,,,,26-07-2026,06:43,45674
1255.92196867,0,0.226,0.00014992,0.93828126,4.91390316,62800,0.0001091,-0.0334317,3.00257952,145.56299999999996,89539.0,8.98979669,26-07-2026,06:43,30007
1065.96599486,28,0.797,0.00020662,0.91164018,6.46341938,63000,0.00018158,-0.06347846,5.02283602,53.662000000000006,43846.0,18.98802649,26-07-2026,06:43,23878
874.99884792,247,0.8069999999999999,0.00027722,0.88295486,7.93062587,63200,0.00026322,-0.09550828,6.84674351,126.98099999999991,10967.0,28.9847353,26-07-2026,06:43,18628
686.03788122,0,0.666,0.00037774,0.84417722,9.6485236,63400,0.00037407,-0.13456631,8.74137917,22.926000000000002,11059.0,39.49469395,26-07-2026,06:43,13672
507.45775711,4467,5.484,0.00052003,0.7781718,12.00412119,63600,0.00053573,-0.20347877,11.41369476,57.540000000000006,12160.0,60.49656685,26-07-2026,06:43,8903
348.95101455,2161,29.06899999999999,0.00067978,0.67209203,14.57544695,63800,0.0007182,-0.31660801,14.36506249,54.697,41468.0,102.05050066,26-07-2026,06:43,4664
219.96575949,20345,68.00900000000004,0.00078397,0.52844442,16.05652534,64000,0.00083676,-0.46984094,16.05124685,214.56400000000002,137298.0,173.00979398,26-07-2026,06:43,796
124.96650934,112228,155.05200000000002,0.00076595,0.36990971,15.23364854,64200,0.00081567,-0.63956058,15.10212244,43.655000000000015,21445.0,277.99874559,26-07-2026,06:43,-1499
65.98678717,82930,104.89700000000002,0.00061719,0.23087005,12.2780487,64400,0.00064019,-0.7902633,11.62031184,19.675999999999995,2208.0,419.07918901,26-07-2026,06:43,1614
36.50018415,40372,65.206,0.00042817,0.13910967,8.94202056,64600,0.00040923,-0.89149487,7.51307438,25.089999999999996,3538.0,589.45957411,26-07-2026,06:43,6078
23.49143419,7903,42.26400000000001,0.00028688,0.08993635,6.54901845,64800,0.00023153,-0.94622887,4.40912279,9.625999999999998,1881.0,776.54316167,26-07-2026,06:43,10904
16.48935499,31239,107.933,0.00019631,0.0617093,4.91333588,65000,0.00010807,-0.97874654,2.05690791,24.346999999999984,2231.0,969.47209118,26-07-2026,06:43,15860
11.98999407,78107,145.01999999999998,0.00013738,0.0436976,3.73517677,65200,0.0,-1.0,1e-08,15.059999999999997,4827.0,1166.05005331,26-07-2026,06:43,21448
7.99514724,77413,125.05299999999994,9.35e-05,0.02922671,2.68663556,65400,0.0,-1.0,0.0,7.221999999999998,1580.0,1365.84293829,26-07-2026,06:43,28390
3.99695288,17123,52.932000000000016,5.494e-05,0.01570432,1.58949584,65600,0.0,-1.0,0.0,5.757,731.0,1565.80600362,26-07-2026,06:43,37227
1.99820739,11661,47.798,3.127e-05,0.00832092,0.91556266,65800,0.0,-1.0,0.0,3.9699999999999998,771.0,1765.80068208,26-07-2026,06:43,46468
1.04891722,48006,103.64600000000002,1.792e-05,0.00454183,0.53552831,66000,0.0,-1.0,0.0,30.03500000000001,2124.0,1965.80006289,26-07-2026,06:43,55931
0.54935565,94371,134.838,1.012e-05,0.0024598,0.30859074,66200,0.0,-1.0,0.0,1.1580000000000001,10.0,2165.8000047,26-07-2026,06:43,66118
0.54934044,18978,46.375,8.76e-06,0.00228844,0.2890654,66400,0.0,-1.0,0.0,0.05,0.0,2365.80000029,26-07-2026,06:43,78608
0.54946252,6184,31.99600000000001,7.68e-06,0.00214148,0.27218579,66600,0.0,-1.0,0.0,0.005,5.0,2565.80000001,26-07-2026,06:43,91475
0.54949135,35856,58.884,6.79e-06,0.002014,0.2574471,66800,0.0,-1.0,0.0,1.4100000000000001,470.0,2765.8,26-07-2026,06:43,104465
0.54924514,16601,104.718,5.45e-06,0.0018034,0.2328594,67200,0.0,-1.0,0.0,2.615,501.0,3165.8,26-07-2026,06:43,131770
0.55387769,135477,254.9900000000004,4.65e-06,0.00170647,0.22144256,67600,0.0,-1.0,0.0,10.203,3333.0,3565.8,26-07-2026,06:43,159731
1629.38044612,60,0.060000000000000005,8.489e-05,0.96524479,3.09825539,62400,,,,,,,26-07-2026,06:44,45796
1237.53298132,0,0.226,0.00015464,0.93626924,5.03550634,62800,0.0001164,-0.03645338,3.22182555,145.56299999999996,89539.0,9.86543646,26-07-2026,06:44,30128
1048.21706751,5,0.797,0.00021251,0.90904781,6.60022652,63000,0.00019223,-0.06880174,5.34299479,53.662000000000006,43846.0,20.44611507,26-07-2026,06:44,23991
857.99773809,247,0.796,0.00028635,0.87856503,8.13486114,63200,0.0002726,-0.09897109,7.02415241,127.3419999999999,10967.0,29.8500665,26-07-2026,06:44,18731
669.773219,0,0.666,0.00038944,0.84021989,9.80352307,63400,0.00038859,-0.14085353,9.01301692,22.926000000000002,11059.0,41.25337227,26-07-2026,06:44,13772
492.27760732,4767,5.484,0.00053736,0.76771416,12.31272984,63600,0.00055296,-0.21412166,11.75530515,57.640000000000015,12180.0,64.14454609,26-07-2026,06:44,9001
336.33887282,2161,29.096999999999987,0.00069053,0.65850899,14.8010767,63800,0.00073285,-0.33056209,14.61449234,56.297000000000004,41468.0,107.69599776,26-07-2026,06:44,4771
209.94165123,20345,68.00900000000004,0.00079063,0.51383231,16.07890944,64000,0.0008428,-0.48705869,16.0797666,214.56400000000002,137298.0,182.0132292,26-07-2026,06:44,883
118.17810152,112228,155.139,0.00075644,0.35541499,15.02004895,64200,0.00080578,-0.65617948,14.83914496,43.701000000000015,21445.0,289.69132299,26-07-2026,06:44,-1551
62.14492546,82930,104.89700000000002,0.00059741,0.21939525,11.92181256,64400,0.00061572,-0.80209146,11.21878668,19.675999999999995,2208.0,434.32556089,26-07-2026,06:44,1466
34.66002325,40372,67.106,0.00041095,0.13221444,8.63116658,64600,0.00038879,-0.89881098,7.13877693,25.089999999999996,3538.0,606.96001215,26-07-2026,06:44,5901
22.17951101,7903,42.783000000000015,0.00027552,0.08612893,6.3376481,64800,0.00020649,-0.95491124,3.82857962,9.625999999999998,1881.0,793.31273014,26-07-2026,06:44,10719
15.91862908,31239,108.844,0.00018966,0.05968139,4.78403029,65000,0.00012293,-0.97303094,2.51129122,23.34599999999999,2231.0,987.75524582,26-07-2026,06:44,15676
11.48828604,78107,145.42,0.00013201,0.0418997,3.60843686,65200,0.0,-1.0,1e-08,15.059999999999997,4827.0,1184.91228241,26-07-2026,06:44,21263
7.47545334,110979,125.46899999999994,8.606e-05,0.0261825,2.44985774,65400,0.0,-1.0,0.0,7.221999999999998,1580.0,1384.7356951,26-07-2026,06:44,28198
3.29957954,17123,53.94700000000001,4.617e-05,0.01243315,1.29885247,65600,0.0,-1.0,0.0,5.757,731.0,1584.70488486,26-07-2026,06:44,37730
1.74500706,11661,48.119,3.075e-05,0.008252,0.90839537,65800,0.0,-1.0,0.0,3.9699999999999998,771.0,1784.70054298,26-07-2026,06:44,47645
1.02022542,48006,104.27500000000002,1.76e-05,0.00450008,0.53081397,66000,0.0,-1.0,0.0,29.68500000000001,2124.0,1984.70004897,26-07-2026,06:44,57783
0.71207442,94371,136.88199999999998,9.98e-06,0.00244239,0.3064435,66200,0.0,-1.0,0.0,1.1580000000000001,10.0,2184.70000358,26-07-2026,06:44,68643
0.53812784,18978,46.375,8.65e-06,0.00227359,0.28720687,66400,0.0,-1.0,0.0,0.05,0.0,2384.70000021,26-07-2026,06:44,81811
0.53664535,6184,32.04600000000001,7.58e-06,0.00212782,0.27046071,66600,0.0,-1.0,0.0,0.005,5.0,2584.70000001,26-07-2026,06:44,95355
0.53982515,35856,58.884,6.72e-06,0.00200294,0.25602224,66800,0.0,-1.0,0.0,1.4100000000000001,470.0,2784.7,26-07-2026,06:44,109022
0.53905464,16601,104.718,5.4e-06,0.00179411,0.2316395,67200,0.0,-1.0,0.0,2.615,501.0,3184.7,26-07-2026,06:44,137680
0.54622826,135477,254.9870000000004,4.45e-06,0.00162796,0.21201937,67600,0.0,-1.0,0.0,10.203,3333.0,3584.7,26-07-2026,06:44,166993
1725.8165499,233,0.35300000000000004,7.853e-05,0.96632873,2.8804018,62400,,,,,,,26-07-2026,09:56,52116
1332.39762157,3,0.231,0.00013265,0.94567823,4.23898883,62800,9.487e-05,-0.02932775,2.56958444,169.67299999999994,102385.0,7.99613804,26-07-2026,09:56,31823
1141.00665163,50,1.0810000000000002,0.00018276,0.9227415,5.57167432,63000,0.00015919,-0.05605611,4.34548314,174.68100000000004,127490.0,16.99229126,26-07-2026,09:56,23622
947.45852847,247,0.6910000000000001,0.00024332,0.90016143,6.74554855,63200,0.00022414,-0.07801953,5.61326825,131.53600000000003,16902.0,22.99135008,26-07-2026,09:56,17843
756.91274408,1240,1.938,0.00033181,0.86678254,8.27919067,63400,0.00032197,-0.11245922,7.35126571,26.852000000000004,12052.0,32.49191076,26-07-2026,09:56,12603
575.44613427,3784,16.467999999999996,0.00045968,0.80967012,10.45361561,63600,0.00046607,-0.17176846,9.80268818,69.61100000000003,17613.0,50.55307225,26-07-2026,09:56,7698
410.22996419,2267,33.05599999999999,0.00061533,0.71775088,13.0040187,63800,0.00064109,-0.26991853,12.72184804,93.63299999999998,25120.0,85.50133591,26-07-2026,09:56,3295
269.88204457,30753,96.10000000000002,0.00074438,0.58741384,14.9819147,64000,0.0007875,-0.40753114,14.93781191,244.88899999999995,157931.0,144.99048815,26-07-2026,09:56,-810
162.00036361,135220,189.95599999999996,0.00077597,0.4337108,15.1393131,64200,0.00082282,-0.57056988,15.11111758,65.51200000000003,24907.0,237.04614291,26-07-2026,09:56,-2480
91.13048931,84428,130.052,0.00067073,0.28842616,13.1386384,64400,0.00070273,-0.72552119,12.8280555,20.93999999999999,2229.0,366.51229554,26-07-2026,09:56,2112
52.47363632,52092,86.39100000000005,0.00049691,0.1821031,10.17119647,64600,0.00050094,-0.83990986,9.36647353,24.712000000000003,3538.0,527.4561627,26-07-2026,09:56,7526
33.10556438,10833,47.472000000000016,0.00034477,0.11885138,7.64574522,64800,0.00032024,-0.90953549,6.27301577,7.934999999999998,1683.0,708.15432849,26-07-2026,09:56,13451
22.4843876,65606,150.855,0.00023787,0.07986481,5.71354892,65000,0.00018797,-0.9525867,3.80383042,22.30599999999999,2150.0,897.05642503,26-07-2026,09:56,19456
14.99230777,73972,166.358,0.0001633,0.05349224,4.18767387,65200,8.582e-05,-0.98215261,1.69118747,14.255999999999998,4902.0,1090.07752186,26-07-2026,09:56,26854
10.99090857,88860,219.29499999999996,0.0001161,0.03836964,3.20564343,65400,0.0,-1.0,1e-08,6.846,1582.0,1286.74745838,26-07-2026,09:56,35452
5.99351745,17643,64.59700000000001,7.255e-05,0.02220457,2.03556034,65600,0.0,-1.0,0.0,5.541999999999999,730.0,1486.70608932,26-07-2026,09:56,46176
2.9968507,14439,51.497,4.214e-05,0.01187373,1.19095199,65800,0.0,-1.0,0.0,3.984,805.0,1686.7006214,26-07-2026,09:56,57275
1.04837812,53295,109.57200000000003,1.913e-05,0.00469366,0.52593853,66000,0.0,-1.0,0.0,29.274,2235.0,1886.70005036,26-07-2026,09:56,68646
10.04123268,125096,166.80500000000004,5.667e-05,0.02546957,2.28440926,66200,0.0,-1.0,0.0,1.137,10.0,2086.70000324,26-07-2026,09:56,80843
0.54915995,21400,48.087,9.26e-06,0.00235291,0.28269945,66400,0.0,-1.0,0.0,0.05,0.0,2286.70000017,26-07-2026,09:56,96082
0.54912572,7184,33.04600000000001,8.08e-06,0.00219699,0.26567607,66600,0.0,-1.0,0.0,0.005,5.0,2486.70000001,26-07-2026,09:56,111626
0.54899146,36017,58.81600000000001,7.12e-06,0.0020623,0.25086217,66800,0.0,-1.0,0.0,1.4100000000000001,470.0,2686.7,26-07-2026,09:56,127312
0.54918705,11801,108.27199999999999,5.68e-06,0.00184102,0.22628409,67200,0.0,-1.0,0.0,2.591,501.0,3086.7,26-07-2026,09:56,160021
1.54796338,135608,324.1040000000005,9.21e-06,0.00395683,0.45147629,67600,0.0,-1.0,0.0,10.302999999999997,3333.0,3486.7,26-07-2026,09:56,193192
1718.68753839,233,0.35300000000000004,7.85e-05,0.96660591,2.85618474,62400,,,,,,,26-07-2026,10:02,51358
1325.09729392,3,0.231,0.00013319,0.94585427,4.22119156,62800,9.564e-05,-0.02944908,2.57419688,169.67999999999995,102385.0,7.97656387,26-07-2026,10:02,31239
1133.87417712,52,1.0810000000000002,0.00018476,0.92187558,5.60984041,63000,0.0001606,-0.05630938,4.35383411,174.75100000000003,128058.0,16.95912021,26-07-2026,10:02,23126
940.6264425,247,0.6910000000000001,0.000246,0.89913829,6.7846493,63200,0.00022757,-0.0795066,5.6848267,132.14500000000004,16902.0,23.44421074,26-07-2026,10:02,17445
750.27017522,1240,1.968,0.00033567,0.8654961,8.320227,63400,0.00032642,-0.11416322,7.41841331,27.102000000000007,12052.0,33.25246523,26-07-2026,10:02,12302
568.91619638,3784,16.497999999999998,0.00046515,0.80717014,10.52030288,63600,0.00047214,-0.17474061,9.8941297,70.61100000000003,17633.0,51.37506197,26-07-2026,10:02,7494
403.91424895,2267,33.05599999999999,0.00062301,0.71453946,13.05322576,63800,0.00064909,-0.27348071,12.78423494,94.00299999999999,25120.0,86.40910033,26-07-2026,10:02,3186
264.5564998,31560,96.15000000000003,0.00075104,0.58244241,14.99841865,64000,0.00079417,-0.41286051,14.95983701,245.58899999999994,157929.0,147.0996661,26-07-2026,10:02,-824
158.91857143,135231,192.09299999999996,0.00077357,0.42810713,15.07711438,64200,0.00081927,-0.57643712,15.04460218,66.92100000000002,19912.0,241.47650368,26-07-2026,10:02,-2407
89.63426986,84528,130.113,0.00066516,0.2836492,13.01343169,64400,0.0006944,-0.72973302,12.70910236,20.93999999999999,2229.0,372.41194054,26-07-2026,10:02,2269
51.58540954,52092,86.39100000000005,0.00049061,0.17904932,10.04744966,64600,0.00049354,-0.84279816,9.2402062,24.591,3538.0,534.20744545,26-07-2026,10:02,7686
32.54822775,10833,47.81600000000002,0.00033947,0.11605751,7.50576237,64800,0.00031529,-0.91091463,6.19163015,7.974999999999998,1683.0,715.07031529,26-07-2026,10:02,13622
22.03158222,65616,150.855,0.00023421,0.07831774,5.62031596,65000,0.00018394,-0.95381077,3.71875162,22.30599999999999,2150.0,904.11097957,26-07-2026,10:02,19642
15.02153442,74973,166.32799999999997,0.00016187,0.05325205,4.16593226,65200,8.096e-05,-0.98348846,1.57982554,14.245999999999999,4902.0,1097.09652753,26-07-2026,10:02,27054
11.0129088,88860,219.29499999999996,0.0001152,0.03821811,3.1900986,65400,0.0,-1.0,1e-08,6.846,1582.0,1294.04322312,26-07-2026,10:02,35687
5.00626931,17643,64.59600000000002,6.594e-05,0.01928502,1.80354274,65600,0.0,-1.0,0.0,5.541999999999999,781.0,1494.00546655,26-07-2026,10:02,46448
2.1609646,14439,51.5,3.334e-05,0.00859499,0.89688446,65800,0.0,-1.0,0.0,3.984,805.0,1694.00054939,26-07-2026,10:02,57576
1.0513757,51795,109.36200000000002,1.902e-05,0.00467916,0.52362986,66000,0.0,-1.0,0.0,29.274,2235.0,1894.00004381,26-07-2026,10:02,68984
7.96769995,125096,166.80500000000004,4.591e-05,0.01841921,1.73442687,66200,0.0,-1.0,0.0,1.137,10.0,2094.00000277,26-07-2026,10:02,81188
0.55051263,21400,48.087,9.21e-06,0.00234679,0.28157247,66400,0.0,-1.0,0.0,0.05,0.0,2294.00000014,26-07-2026,10:02,96409
0.55041909,7184,33.04600000000001,8.04e-06,0.00219171,0.26466361,66600,0.0,-1.0,0.0,0.005,5.0,2494.00000001,26-07-2026,10:02,111962
0.55030138,36017,58.81600000000001,7.09e-06,0.00205771,0.2499462,66800,0.0,-1.0,0.0,1.4100000000000001,470.0,2694.0,26-07-2026,10:02,127656
0.55024476,11801,108.27199999999999,5.66e-06,0.00183747,0.22551769,67200,0.0,-1.0,0.0,2.591,501.0,3094.0,26-07-2026,10:02,160382
1.55029225,135608,324.1040000000005,9.18e-06,0.00395029,0.45006956,67600,0.0,-1.0,0.0,10.302999999999997,3333.0,3494.0,26-07-2026,10:02,193570
1608.83993721,245,0.36700000000000005,9.043e-05,0.96198016,3.06421279,62400,,,,,,,26-07-2026,12:07,49507
1220.19537329,0,0.234,0.00016192,0.93155295,4.89062059,62800,0.00013871,-0.04900564,3.7613032,248.91799999999995,37176.0,14.92715338,26-07-2026,12:07,32180
1026.38944474,533,1.8139999999999998,0.00021551,0.91072278,5.982174,63000,0.00019619,-0.0695275,4.9500555,186.76300000000003,109480.0,20.88158491,26-07-2026,12:07,24184
835.2679519,778,0.804,0.00029182,0.88101399,7.36913318,63200,0.00028012,-0.10037684,6.52179741,135.0720000000001,19082.0,29.83197898,26-07-2026,12:07,18271
651.28160007,1400,2.463,0.00040184,0.83229564,9.29645559,63400,0.00040205,-0.15045189,8.65813724,31.195000000000014,14010.0,45.29381457,26-07-2026,12:07,12936
479.33494343,3811,17.89,0.0005432,0.75473981,11.65686311,63600,0.00056059,-0.23130513,11.28867442,76.35100000000006,19271.0,73.49302573,26-07-2026,12:07,7930
328.57699137,3294,35.309,0.00068447,0.64180912,13.84041064,63800,0.00071805,-0.35074344,13.73729589,101.738,28891.0,122.64751761,26-07-2026,12:07,3398
208.33559947,74232,157.76599999999996,0.00075685,0.49816154,14.78425042,64000,0.00079682,-0.50202509,14.78437983,261.9879999999999,162183.0,202.48022487,26-07-2026,12:07,-777
123.42171394,160522,225.84299999999996,0.00070473,0.3504198,13.73275806,64200,0.00073711,-0.65770008,13.61367165,87.34900000000002,17814.0,317.38345651,26-07-2026,12:07,-1715
70.90495768,83280,144.739,0.00056171,0.22830378,11.20649202,64400,0.00057693,-0.78726474,10.76185655,33.31499999999999,2048.0,464.99968114,26-07-2026,12:07,4067
41.8703124,55113,97.31800000000004,0.00040244,0.14495486,8.44493508,64600,0.00039425,-0.87639897,7.56893444,26.310000000000002,3539.0,635.78965141,26-07-2026,12:07,10635
26.79801291,17335,59.049000000000035,0.00027813,0.09509971,6.26861461,64800,0.00024575,-0.93185947,4.87368811,7.863999999999997,1366.0,820.50122483,26-07-2026,12:07,17887
18.75472499,80032,177.94700000000003,0.00019458,0.06604629,4.75740468,65000,0.00014166,-0.9646083,2.88986657,24.320999999999994,3629.0,1012.38085999,26-07-2026,12:07,25441
14.05202966,76300,177.3,0.0001391,0.04758132,3.67365305,65200,7.01e-05,-0.9846482,1.43169278,11.589999999999996,4942.0,1207.6961624,26-07-2026,12:07,34517
9.28644564,110471,240.51499999999993,9.891e-05,0.03369162,2.77533924,65400,0.0,-1.0,3e-08,4.242999999999998,1578.0,1404.70788144,26-07-2026,12:07,44945
5.02408632,16676,69.32900000000001,5.935e-05,0.01828624,1.66277856,65600,0.0,-1.0,0.0,5.966999999999999,481.0,1604.70075632,26-07-2026,12:07,57985
2.00817025,12333,54.523,3.023e-05,0.00818152,0.82849763,65800,0.0,-1.0,0.0,3.986999999999999,771.0,1804.70005657,26-07-2026,12:07,71418
1.05444269,51507,118.31700000000004,1.738e-05,0.00447164,0.48506099,66000,0.0,-1.0,0.0,29.193000000000005,2235.0,2004.7000033,26-07-2026,12:07,85045
16.58336181,124897,167.49600000000004,6.522e-05,0.03526764,2.88154164,66200,0.0,-1.0,0.0,0.937,10.0,2204.70000015,26-07-2026,12:07,99441
0.55272236,24783,50.19799999999999,8.53e-06,0.00225821,0.2623115,66400,0.0,-1.0,0.0,0.05,0.0,2404.70000001,26-07-2026,12:07,116983
0.55246801,7184,33.223000000000006,7.49e-06,0.00211525,0.24721324,66600,0.0,-1.0,0.0,0.005,5.0,2604.7,26-07-2026,12:07,134817
0.5517139,36018,59.03800000000001,6.64e-06,0.00199131,0.23402872,66800,0.0,-1.0,0.0,0.6100000000000001,470.0,2804.7,26-07-2026,12:07,152793
0.55184793,7707,108.00900000000001,5.34e-06,0.00178565,0.21195487,67200,0.0,-1.0,0.0,2.591,501.0,3204.7,26-07-2026,12:07,190075
1.55318742,135269,326.3550000000005,8.74e-06,0.00385385,0.42463782,67600,0.0,-1.0,0.0,8.863,4933.0,3604.7,26-07-2026,12:07,227656
1597.42528472,245,0.36900000000000005,9.041e-05,0.96253932,3.00924442,62400,,,,,,,26-07-2026,12:27,49471
1209.51911689,0,0.234,0.00016748,0.92765887,5.07258822,62800,0.0001453,-0.05268433,3.96059592,251.70499999999998,37176.0,16.36489692,26-07-2026,12:27,32119
1015.61250774,635,1.916,0.00022139,0.90666373,6.14552933,63000,0.00020428,-0.07437719,5.18135993,208.09000000000003,109648.0,22.58856773,26-07-2026,12:27,24107
825.22078542,460,1.54,0.00029901,0.87549037,7.56213162,63200,0.00028918,-0.1063558,6.76065184,134.5720000000001,19082.0,31.82047594,26-07-2026,12:27,18177
641.76342557,1400,2.463,0.00040926,0.82502691,9.49462748,63400,0.00041133,-0.15828963,8.89993204,31.401000000000014,14074.0,48.5712163,26-07-2026,12:27,12799
471.46708023,3811,17.912,0.00054895,0.74618862,11.79974798,63600,0.00056684,-0.24106398,11.47911494,77.20600000000006,19201.0,78.13696749,26-07-2026,12:27,7775
322.89618165,5275,37.455,0.00068404,0.63181895,13.88601145,63800,0.00071494,-0.3618565,13.80581436,106.47,32529.0,129.40525196,26-07-2026,12:27,3219
204.81338717,86463,169.52499999999998,0.00074547,0.48891828,14.69027064,64000,0.00078441,-0.51183099,14.68919687,264.8069999999999,158979.0,211.23916721,26-07-2026,12:27,-861
120.72205258,160720,229.397,0.00069415,0.3426502,13.53727238,64200,0.00072705,-0.66610313,13.40288038,87.42200000000003,17772.0,327.19669991,26-07-2026,12:27,-1369
68.68368053,80074,147.042,0.00055128,0.22171923,10.95584205,64400,0.00056543,-0.79459185,10.4786367,32.76499999999999,2025.0,475.06758636,26-07-2026,12:27,4639
40.5442233,48639,106.74500000000005,0.00039328,0.14052155,8.21973013,64600,0.00038294,-0.8817078,7.29475194,26.311,3539.0,647.12464019,26-07-2026,12:27,11384
26.40424887,17335,60.03900000000003,0.00027216,0.09313708,6.1358066,64800,0.00024052,-0.93282206,4.79153761,7.8139999999999965,1381.0,832.51753447,26-07-2026,12:27,18687
17.88775325,89984,189.644,0.00018855,0.06321032,4.57043534,65000,0.00013622,-0.96623577,2.76352699,24.255999999999993,3619.0,1024.37751919,26-07-2026,12:27,26326
12.77430525,76300,177.244,0.00013351,0.0448655,3.48321728,65200,5.552e-05,-0.98888506,1.07649971,11.577999999999996,4942.0,1218.93785628,26-07-2026,12:27,35698
8.84298788,53427,311.42999999999995,9.341e-05,0.03101744,2.57666868,65400,0.0,-1.0,1e-08,4.242999999999998,1578.0,1417.10619323,26-07-2026,12:27,46399
4.90727713,16676,69.28000000000002,5.868e-05,0.01818156,1.64472625,65600,0.0,-1.0,0.0,5.966999999999999,501.0,1617.10057012,26-07-2026,12:27,58528
2.07450263,12383,57.573,2.991e-05,0.0081368,0.81958123,65800,0.0,-1.0,0.0,3.986999999999999,771.0,1817.10004078,26-07-2026,12:27,71105
1.02727127,51507,118.27800000000005,1.72e-05,0.00444907,0.47996879,66000,0.0,-1.0,0.0,29.193000000000005,2235.0,2017.10000226,26-07-2026,12:27,83880
13.62835832,124897,169.92800000000003,5.866e-05,0.02971038,2.48634737,66200,0.0,-1.0,0.0,0.936,10.0,2217.1000001,26-07-2026,12:27,97422
0.53836149,24783,49.842,8.46e-06,0.0022486,0.25973003,66400,0.0,-1.0,0.0,0.05,0.0,2417.1,26-07-2026,12:27,114076
0.53898322,7184,33.223000000000006,7.43e-06,0.0021072,0.24488039,66600,0.0,-1.0,0.0,0.005,5.0,2617.1,26-07-2026,12:27,131059
0.53965079,36018,57.83800000000002,6.59e-06,0.00198398,0.23184914,66800,0.0,-1.0,0.0,0.5990000000000001,470.0,2817.1,26-07-2026,12:27,148183
0.54062745,7707,107.94900000000001,5.31e-06,0.00177988,0.21006155,67200,0.0,-1.0,0.0,2.591,501.0,3217.1,26-07-2026,12:27,183762
1.52936259,135269,321.8550000000005,8.69e-06,0.0038434,0.42107075,67600,0.0,-1.0,0.0,8.902999999999999,4973.0,3617.1,26-07-2026,12:27,219639
1606.90166484,245,0.36900000000000005,8.952e-05,0.962727,2.99657863,62400,,,,,,,26-07-2026,12:28,49197
1219.45701954,0,0.234,0.00016383,0.9298641,4.95287528,62800,0.00014202,-0.05126038,3.87485717,251.70499999999998,37176.0,15.82885074,26-07-2026,12:28,31830
1025.53101725,635,1.916,0.0002166,0.90975067,5.99361126,63000,0.00019913,-0.0717515,5.04032076,208.09000000000003,109648.0,22.11412876,26-07-2026,12:28,23811
834.67866348,460,1.54,0.00029346,0.87882167,7.41898506,63200,0.00028244,-0.10252892,6.58288933,134.5720000000001,19082.0,31.01488576,26-07-2026,12:28,17880
650.92905955,1400,2.463,0.00040269,0.83022706,9.31277215,63400,0.00040353,-0.15246551,8.68165286,31.401000000000014,14074.0,47.1139819,26-07-2026,12:28,12496
479.93693889,3811,17.912,0.00054227,0.75232565,11.64643308,63600,0.00055944,-0.23440076,11.30290542,77.20600000000006,19201.0,75.87696551,26-07-2026,12:28,7467
329.86639348,10318,37.455,0.00067904,0.63920331,13.79048039,63800,0.00071115,-0.3536282,13.69375218,106.47,32529.0,125.71255284,26-07-2026,12:28,2910
209.8693018,86463,169.52499999999998,0.0007471,0.49710723,14.69386198,64000,0.00078836,-0.50331043,14.69378974,264.8069999999999,159379.0,205.50041812,26-07-2026,12:28,-895
124.13027133,160720,229.397,0.00070053,0.35004162,13.64361244,64200,0.00073302,-0.65809019,13.52472187,87.42200000000003,17772.0,319.99667303,26-07-2026,12:28,-1175
70.67477722,80074,147.042,0.00056024,0.22711933,11.10518428,64400,0.00057588,-0.78897503,10.6457368,32.76499999999999,2025.0,466.3987663,26-07-2026,12:28,5001
42.01954941,48639,106.74500000000005,0.00040127,0.14473557,8.3846179,64600,0.00039278,-0.87704638,7.49512135,26.311,3539.0,637.70945185,26-07-2026,12:28,11864
27.35468556,17335,60.03900000000003,0.00027744,0.09497783,6.22430785,64800,0.00024682,-0.93083496,4.90000803,7.8139999999999965,1381.0,822.83497538,26-07-2026,12:28,19279
18.66415059,89984,189.644,0.00019424,0.06598644,4.72505741,65000,0.00014136,-0.96464566,2.86966127,24.255999999999993,3619.0,1014.04737202,26-07-2026,12:28,27022
13.19549462,76300,177.244,0.00013514,0.04514353,3.5002559,65200,5.141e-05,-0.99015233,0.96859943,11.577999999999996,4942.0,1208.15720695,26-07-2026,12:28,36505
9.23920779,53427,311.42999999999995,9.443e-05,0.03118892,2.58814605,65400,0.0,-1.0,1e-08,4.242999999999998,1578.0,1406.30698074,26-07-2026,12:28,47316
5.13906282,17230,69.28000000000002,5.927e-05,0.0182735,1.65161767,65600,0.0,-1.0,0.0,5.966999999999999,501.0,1606.30065108,26-07-2026,12:28,59550
2.14329462,12383,57.573,3.43e-05,0.00976016,0.96108945,65800,0.0,-1.0,0.0,3.986999999999999,771.0,1806.30004718,26-07-2026,12:28,72240
1.08626097,51507,118.27800000000005,1.735e-05,0.00446843,0.48178888,66000,0.0,-1.0,0.0,29.193000000000005,2235.0,2006.30000265,26-07-2026,12:28,85128
15.57474291,124897,169.92800000000003,6.514e-05,0.03524531,2.86245965,66200,0.0,-1.0,0.0,0.936,10.0,2206.30000012,26-07-2026,12:28,98785
0.56708853,24783,49.842,8.52e-06,0.00225691,0.26056901,66400,0.0,-1.0,0.0,0.05,0.0,2406.3,26-07-2026,12:28,115574
0.5658348,7184,33.223000000000006,7.49e-06,0.00211438,0.24560904,66600,0.0,-1.0,0.0,0.005,5.0,2606.3,26-07-2026,12:28,132669
0.56518046,36018,57.83800000000002,6.64e-06,0.00199033,0.23249584,66800,0.0,-1.0,0.0,0.5990000000000001,470.0,2806.3,26-07-2026,12:28,149905
0.56438532,7707,107.94900000000001,5.34e-06,0.00178483,0.2105728,67200,0.0,-1.0,0.0,2.591,501.0,3206.3,26-07-2026,12:28,185709
1.57878297,135269,321.8550000000005,8.73e-06,0.00385266,0.42193173,67600,0.0,-1.0,0.0,8.902999999999999,4973.0,3606.3,26-07-2026,12:28,221811
1623.08235859,245,0.36900000000000005,8.8e-05,0.96319159,2.96583752,62400,,,,,,,26-07-2026,12:30,48918
1234.65141215,0,0.234,0.00016,0.93155085,4.86056833,62800,0.00013639,-0.04858559,3.71250714,252.33299999999997,37176.0,14.91472825,26-07-2026,12:30,31548
1040.81198386,635,2.016,0.00020752,0.91599097,5.68114696,63000,0.00019262,-0.06887397,4.8837463,208.26700000000005,109648.0,20.76293001,26-07-2026,12:30,23531
849.58893602,460,1.54,0.00028594,0.88226835,7.26887348,63200,0.00027427,-0.09928612,6.429903,134.3220000000001,19082.0,29.53907101,26-07-2026,12:30,17614
664.91052619,1400,2.473,0.00039083,0.83960172,8.97620973,63400,0.00039233,-0.14852972,8.53101028,31.703000000000017,14074.0,45.05252454,26-07-2026,12:30,12232
493.08552011,3811,17.978,0.00053071,0.76028216,11.44226289,63600,0.00054617,-0.22641635,11.08536302,77.50600000000006,19226.0,72.49172907,26-07-2026,12:30,7206
340.71115934,10318,42.522999999999996,0.00066995,0.64976431,13.64524512,63800,0.00070062,-0.3427045,13.53591086,107.10999999999999,32579.0,120.43786245,26-07-2026,12:30,2660
218.27960952,86463,170.933,0.00074708,0.50913627,14.68944857,64000,0.00078389,-0.49057366,14.68934068,266.6589999999999,159380.0,197.72865986,26-07-2026,12:30,-1117
130.11227718,162074,230.74899999999997,0.00070605,0.36195806,13.80452477,64200,0.00073847,-0.64351595,13.73239625,87.42200000000003,17772.0,309.43684377,26-07-2026,12:30,-1201
74.63212154,80074,149.25900000000001,0.00057148,0.23732431,11.37952406,64400,0.00058655,-0.77152403,11.14232324,32.79199999999999,2025.0,454.38240038,26-07-2026,12:30,5135
44.56039601,48639,106.79800000000004,0.00041342,0.15153431,8.64568779,64600,0.00040748,-0.86936683,7.81761109,26.311,3539.0,623.7903164,26-07-2026,12:30,12059
28.9942297,17335,60.047000000000025,0.00028904,0.10066241,6.49517655,64800,0.00026136,-0.92422049,5.25485057,7.7289999999999965,1381.0,808.21023043,26-07-2026,12:30,19518
20.01863482,89943,189.685,0.00020115,0.06897248,4.88917688,65000,0.00015388,-0.96003057,3.17183706,24.26999999999999,3619.0,998.99992441,26-07-2026,12:30,27294
13.92367419,76300,177.25400000000002,0.00014136,0.04797298,3.67504815,65200,7.405e-05,-0.98369188,1.49859332,11.577999999999996,4942.0,1193.04169521,26-07-2026,12:30,36820
9.95967977,53427,311.39399999999995,0.00010036,0.03394181,2.7750107,65400,4.668e-05,-0.98956228,1.01902611,4.205999999999998,1578.0,1390.00836751,26-07-2026,12:30,47670
5.06608996,17230,69.83400000000002,6.029e-05,0.01843115,1.66370117,65600,0.0,-1.0,0.0,5.986999999999999,501.0,1590.00079636,26-07-2026,12:30,59937
2.73549926,12383,57.573,3.85e-05,0.01134441,1.09561098,65800,0.0,-1.0,0.0,3.986999999999999,771.0,1790.00005889,26-07-2026,12:30,72654
1.06345435,51507,121.32800000000006,1.762e-05,0.00450317,0.48511685,66000,0.0,-1.0,0.0,29.193000000000005,2235.0,1990.00000338,26-07-2026,12:30,85570
16.70868199,124897,169.92700000000005,6.58e-05,0.03542711,2.87439714,66200,0.0,-1.0,0.0,0.936,10.0,2190.00000015,26-07-2026,12:30,99257
0.55865674,24783,49.842,8.62e-06,0.00226948,0.26186852,66400,0.0,-1.0,0.0,0.05,0.0,2390.00000001,26-07-2026,12:30,116087
0.55733082,7184,33.223000000000006,7.57e-06,0.00212658,0.24688711,66600,0.0,-1.0,0.0,0.005,5.0,2590.0,26-07-2026,12:30,133208
0.55752894,36018,57.83800000000002,6.7e-06,0.0019997,0.23347581,66800,0.0,-1.0,0.0,0.5990000000000001,470.0,2790.0,26-07-2026,12:30,150470
0.55550139,7707,107.94900000000001,5.38e-06,0.00179222,0.21134937,67200,0.0,-1.0,0.0,2.591,501.0,3190.0,26-07-2026,12:30,186327
1.56420849,135269,321.8350000000005,8.8e-06,0.00386634,0.4232473,67600,0.0,-1.0,0.0,8.902999999999999,4973.0,3590.0,26-07-2026,12:30,222482
1582.25017051,395,0.5190000000000001,8.694e-05,0.96554152,2.72945477,62400,,,,,,,26-07-2026,14:05,47062
1191.34633683,5,0.23900000000000002,0.00015897,0.93759883,4.39478302,62800,0.00012737,-0.04006292,3.08721857,262.2969999999999,38295.0,10.95793425,26-07-2026,14:05,29967
1001.09107606,884,2.34,0.00022125,0.91040387,5.79086971,63000,0.00020262,-0.07069092,4.84043981,226.152,121068.0,20.96762758,26-07-2026,14:05,22113
808.65059423,406,1.7069999999999999,0.00030097,0.88145746,7.09582281,63200,0.00028913,-0.10026789,6.29148474,135.18400000000008,19583.0,28.73701924,26-07-2026,14:05,16574
623.40844031,1400,2.473,0.0004194,0.83336004,8.9385415,63400,0.00041959,-0.15028658,8.35289613,39.754000000000026,21001.0,43.1775556,26-07-2026,14:05,11576
450.62000036,3823,18.484999999999996,0.0005772,0.75340819,11.28701999,63600,0.00059517,-0.23360168,10.95873601,89.84000000000003,21545.0,70.22454109,26-07-2026,14:05,7047
299.51527506,10336,49.906000000000006,0.00073866,0.63310674,13.47192806,63800,0.00077521,-0.36039512,13.39051661,125.54600000000002,21695.0,119.03482885,26-07-2026,14:05,3050
180.93892307,115055,203.66700000000014,0.00081258,0.47802567,14.25241467,64000,0.00085605,-0.5233986,14.24927625,307.67399999999986,139586.0,200.57955025,26-07-2026,14:05,-277
101.03598994,167905,255.90800000000013,0.00073731,0.32008688,12.79655061,64200,0.00077161,-0.69015004,12.62021732,92.56900000000002,21463.0,319.54115275,26-07-2026,14:05,720
53.05101387,50952,184.75799999999998,0.00055674,0.19532953,9.87483921,64400,0.00056548,-0.8245903,9.23668109,32.02499999999999,2227.0,472.3854201,26-07-2026,14:05,7233
28.8823832,35239,127.09600000000003,0.0003735,0.11493148,6.94192929,64600,0.00034463,-0.91289037,5.67053924,26.836,3001.0,648.58391041,26-07-2026,14:05,13963
17.75792566,17407,63.144000000000034,0.00024437,0.07218586,4.91883357,64800,0.00017792,-0.96214556,2.94782994,7.934999999999997,1331.0,837.08141814,26-07-2026,14:05,21201
12.46634844,120309,236.48999999999995,0.00016482,0.04895645,3.62846034,65000,7.176e-05,-0.98734874,1.16989076,27.57799999999999,2553.0,1031.86780571,26-07-2026,14:05,28826
10.12433117,74852,179.44299999999998,0.00011908,0.03702181,2.89480332,65200,0.0,-1.0,2e-08,11.124999999999996,4942.0,1229.63077311,26-07-2026,14:05,38875
5.80578442,54427,309.9939999999999,7.686e-05,0.02286205,1.93978566,65400,0.0,-1.0,0.0,3.376999999999999,1578.0,1429.60319057,26-07-2026,14:05,50102
2.89492803,17280,84.66300000000001,4.443e-05,0.01219523,1.13328536,65600,0.0,-1.0,0.0,3.557,501.0,1629.60025333,26-07-2026,14:05,62786
1.00661117,12383,55.95500000000001,2.009e-05,0.00481075,0.49986183,65800,0.0,-1.0,0.0,2.5220000000000002,771.0,1829.60001538,26-07-2026,14:05,75944
1.01168193,54633,120.50900000000006,1.704e-05,0.00442816,0.46423913,66000,0.0,-1.0,0.0,28.624000000000002,2235.0,2029.60000071,26-07-2026,14:05,89301
16.24600737,125897,172.31500000000005,6.423e-05,0.03499424,2.76432363,66200,0.0,-1.0,0.0,0.5690000000000001,10.0,2229.60000003,26-07-2026,14:05,103488
0.53080759,24783,52.297,8.4e-06,0.00223966,0.25136677,66400,0.0,-1.0,0.0,,0.0,2429.6,26-07-2026,14:05,120843
0.53422011,7184,32.343,7.38e-06,0.002099,0.23700442,66600,0.0,-1.0,0.0,0.005,5.0,2629.6,26-07-2026,14:05,138493
0.53180381,36018,57.75200000000002,6.55e-06,0.00197681,0.22444777,66800,0.0,-1.0,0.0,0.5810000000000001,470.0,2829.6,26-07-2026,14:05,156284
0.53574928,7707,106.38600000000002,5.28e-06,0.00177454,0.20347489,67200,0.0,-1.0,0.0,1.121,501.0,3229.6,26-07-2026,14:05,193197
1.51855837,131304,319.5620000000005,8.65e-06,0.00383339,0.40802229,67600,0.0,-1.0,0.0,4.874,4973.0,3629.6,26-07-2026,14:05,230408
1490.87017102,395,0.5190000000000001,0.00010117,0.95959015,3.07799511,62400,,,,,,,26-07-2026,14:33,47214
1105.90020727,255,0.489,0.00019345,0.91782799,5.37388964,62800,0.00017489,-0.06392124,4.43349883,267.77499999999986,40249.0,19.72054042,26-07-2026,14:33,30059
912.62314554,1047,2.78,0.00025803,0.8935565,6.50516477,63000,0.00024455,-0.08861918,5.68673328,233.56199999999993,122963.0,26.65938025,26-07-2026,14:33,22211
724.53643876,427,2.012,0.00035299,0.85518467,8.06700582,63200,0.00034815,-0.12789265,7.40935263,136.0410000000001,19583.0,38.18359141,26-07-2026,14:33,16662
545.89446811,1400,2.473,0.0004848,0.79201024,10.15157144,63400,0.00049421,-0.19320574,9.71192267,43.19200000000002,23721.0,59.31615515,26-07-2026,14:33,11702
383.65069129,4609,20.648999999999997,0.0006384,0.69455998,12.41598166,63600,0.00066293,-0.29622818,12.2458295,111.39800000000002,21526.0,97.45411282,26-07-2026,14:33,7224
248.79094467,25454,66.02200000000002,0.00075421,0.55979647,13.97298713,63800,0.00079197,-0.43740675,13.95778007,141.33300000000003,26460.0,162.00017203,26-07-2026,14:33,3299
147.68303541,129570,226.4040000000001,0.00075964,0.40598936,13.73778971,64000,0.00079617,-0.59897744,13.69492938,325.69899999999984,130626.0,261.21898012,26-07-2026,14:33,651
82.50823264,169383,262.75200000000007,0.00063994,0.26564329,11.61725422,64200,0.00066243,-0.74675452,11.33374053,97.24600000000004,18074.0,395.73823696,26-07-2026,14:33,1503
44.88485105,45149,203.87899999999996,0.00046577,0.16225129,8.69806158,64400,0.00046306,-0.85866133,7.93564525,33.014999999999986,2032.0,558.31382578,26-07-2026,14:33,8286
25.82444583,41252,134.69000000000005,0.00031276,0.09907869,6.17497205,64600,0.00028091,-0.9270252,4.91065847,27.521,3000.0,739.78459675,26-07-2026,14:33,15418
16.81402462,21307,68.12300000000005,0.00020976,0.06482249,4.48196628,64800,0.00015325,-0.9649113,2.7428907,7.922999999999995,1312.0,930.09585577,26-07-2026,14:33,23232
12.01925349,133330,254.5129999999998,0.00014441,0.0448229,3.34707587,65000,5.92e-05,-0.98911491,1.01656447,27.551999999999992,2551.0,1125.90455274,26-07-2026,14:33,31526
9.50843533,76434,180.897,0.00010519,0.03386442,2.66402357,65200,0.0,-1.0,1e-08,11.109999999999996,4942.0,1323.60932459,26-07-2026,14:33,42498
5.67675846,53425,310.6919999999999,7.002e-05,0.02180852,1.84554075,65400,0.0,-1.0,0.0,3.1969999999999987,1578.0,1523.60081645,26-07-2026,14:33,54643
2.85904172,17280,85.08500000000001,4.078e-05,0.0116794,1.08072264,65600,0.0,-1.0,0.0,3.5170000000000003,501.0,1723.60005438,26-07-2026,14:33,68259
0.98890481,12383,56.390000000000015,1.856e-05,0.00462187,0.47753535,65800,0.0,-1.0,0.0,2.1500000000000004,791.0,1923.60000275,26-07-2026,14:33,82359
4.66603539,93089,164.92900000000014,3.686e-05,0.01356797,1.23044596,66000,0.0,-1.0,0.0,29.624000000000002,4735.0,2123.60000011,26-07-2026,14:33,96654
16.13515631,125897,173.67300000000006,6.065e-05,0.03399179,2.67223888,66200,0.0,-1.0,0.0,0.5690000000000001,10.0,2323.6,26-07-2026,14:33,112094
0.51781993,24783,52.184,7.89e-06,0.00217078,0.24192217,66400,0.0,-1.0,0.0,,0.0,2523.6,26-07-2026,14:33,131214
0.52260792,7184,31.743000000000006,6.97e-06,0.00203958,0.22861839,66600,0.0,-1.0,0.0,0.005,5.0,2723.6,26-07-2026,14:33,150631
0.52429666,36018,56.246000000000016,6.21e-06,0.00192482,0.21690604,66800,0.0,-1.0,0.0,0.5700000000000001,470.0,2923.6,26-07-2026,14:33,170190
0.52455994,7707,106.38600000000002,5.04e-06,0.00173318,0.19717811,67200,0.0,-1.0,0.0,1.23,610.0,3323.6,26-07-2026,14:33,210632
1.49671054,131304,319.0090000000005,8.3e-06,0.00375598,0.39665054,67600,0.0,-1.0,0.0,4.603999999999999,5003.0,3723.6,26-07-2026,14:33,251341
1453.36762093,395,0.5190000000000001,0.00010871,0.95601073,3.29146879,62400,,,,,,,26-07-2026,14:37,47662
1069.85651051,259,0.489,0.00020499,0.91257173,5.62046866,62800,0.00018829,-0.06971369,4.73353029,268.5759999999999,40834.0,22.07064025,26-07-2026,14:37,30485
877.8831492,1253,4.029999999999999,0.00027501,0.88478264,6.87379952,63000,0.00026414,-0.09820147,6.12472254,236.14699999999993,123606.0,30.24657968,26-07-2026,14:37,22627
691.36515162,427,2.1239999999999997,0.0003754,0.84141864,8.55473047,63200,0.00037385,-0.14230493,7.95919321,136.4840000000001,19583.0,43.64759769,26-07-2026,14:37,17065
515.55742625,1400,2.505,0.00051035,0.77313477,10.65615027,63400,0.00052275,-0.21371326,10.29740894,44.41200000000003,23721.0,67.74673468,26-07-2026,14:37,12111
357.87610683,4609,21.148999999999997,0.00066004,0.66970119,12.81226039,63600,0.00068698,-0.32208655,12.68168857,111.40500000000003,21483.0,109.9951188,26-07-2026,14:37,7627
227.57412391,25838,66.51600000000002,0.00076122,0.53069984,14.06709917,63800,0.00079807,-0.46756177,14.06248455,149.87400000000002,26633.0,179.81876468,26-07-2026,14:37,3682
132.71911615,128810,228.07900000000012,0.00074561,0.37747352,13.43830941,64000,0.00077984,-0.62902447,13.36461821,327.4379999999998,129777.0,285.05920196,26-07-2026,14:37,967
72.31165645,175152,268.5150000000001,0.00061002,0.24134178,11.02756668,64200,0.00062892,-0.7733255,10.6512046,98.22100000000003,18074.0,424.39612145,26-07-2026,14:37,1325
38.85564539,43149,206.649,0.00043273,0.14481778,8.05379032,64400,0.00042338,-0.87712908,7.19308039,33.02399999999999,2032.0,590.88455533,26-07-2026,14:37,8037
22.43017984,41242,135.84600000000006,0.00028602,0.08780297,5.63832993,64600,0.00024276,-0.94133068,4.13949421,27.531000000000006,3000.0,774.3815161,26-07-2026,14:37,15200
14.28504882,21307,68.14300000000004,0.00018957,0.05673052,4.03149497,64800,0.00012045,-0.97492094,2.07243723,7.9329999999999945,1312.0,966.36761308,26-07-2026,14:37,23061
10.25740962,133330,254.5129999999998,0.00013124,0.03987906,3.04016769,65000,2.933e-05,-0.99561214,0.45513174,27.531999999999993,2551.0,1162.32953383,26-07-2026,14:37,31417
7.97839612,75934,177.92399999999998,9.393e-05,0.02929418,2.35931978,65200,0.0,-1.0,0.0,11.047999999999998,4942.0,1361.90580718,26-07-2026,14:37,42428
4.98415127,53425,310.6919999999999,6.177e-05,0.01865923,1.61428997,65400,0.0,-1.0,0.0,3.1389999999999985,1578.0,1561.900479,26-07-2026,14:37,54603
2.99018109,17280,85.08400000000002,3.944e-05,0.01148361,1.06323564,65600,0.0,-1.0,0.0,3.5170000000000003,501.0,1761.90003002,26-07-2026,14:37,68272
1.04590672,12383,55.83600000000001,1.799e-05,0.00455021,0.47015374,65800,0.0,-1.0,0.0,2.1500000000000004,791.0,1961.90000143,26-07-2026,14:37,82432
1.54405166,93089,165.49500000000012,1.96e-05,0.00578324,0.58201902,66000,0.0,-1.0,0.0,29.624000000000002,4735.0,2161.90000005,26-07-2026,14:37,96786
16.51306954,125897,173.67300000000006,5.929e-05,0.0336039,2.64280529,66200,0.0,-1.0,0.0,0.5690000000000001,10.0,2361.9,26-07-2026,14:37,112240
0.54763741,24783,52.128,7.7e-06,0.00214429,0.23884811,66400,0.0,-1.0,0.0,,0.0,2561.9,26-07-2026,14:37,131427
0.54805561,7184,31.743000000000006,6.81e-06,0.00201667,0.22591924,66600,0.0,-1.0,0.0,0.005,5.0,2761.9,26-07-2026,14:37,150906
0.548052,36018,56.246000000000016,6.08e-06,0.00190468,0.21449315,66800,0.0,-1.0,0.0,0.5700000000000001,470.0,2961.9,26-07-2026,14:37,170526
0.54802252,7707,106.36500000000001,4.94e-06,0.00171709,0.19518657,67200,0.0,-1.0,0.0,1.23,610.0,3361.9,26-07-2026,14:37,211091
1.54566844,131304,319.0070000000006,8.17e-06,0.00372576,0.39313545,67600,0.0,-1.0,0.0,4.603999999999999,5003.0,3761.9,26-07-2026,14:37,251921
1461.55780253,395,0.5190000000000001,0.00010528,0.95816926,3.15996149,62400,,,,,,,26-07-2026,14:37,47409
1077.2453924,259,0.489,0.0002024,0.91414467,5.54400971,62800,0.00018441,-0.06734775,4.60851925,268.5759999999999,40834.0,21.49833243,26-07-2026,14:37,30260
885.75153675,1253,4.029999999999999,0.00027079,0.88765007,6.75074119,63000,0.00026063,-0.09586132,6.01649088,236.14699999999993,123556.0,29.51446142,26-07-2026,14:37,22419
698.26625677,427,2.1239999999999997,0.00037144,0.84633265,8.37824917,63200,0.0003682,-0.13864366,7.81877032,136.4840000000001,19583.0,42.43998123,26-07-2026,14:37,16880
522.32528893,1400,2.505,0.00050572,0.77455285,10.61712884,63400,0.00051732,-0.20832718,10.14343218,44.41200000000003,23721.0,66.09405458,26-07-2026,14:37,11942
363.26859921,4609,21.148999999999997,0.00065681,0.67539244,12.72095452,63600,0.00068197,-0.31669957,12.59088974,111.40500000000003,21513.0,107.47104449,26-07-2026,14:37,7476
232.15088415,25838,66.51600000000002,0.00075842,0.53556212,14.05096529,63800,0.00079918,-0.46156015,14.04196678,149.87400000000002,26511.0,176.01043518,26-07-2026,14:37,3552
136.08807431,128810,228.07900000000012,0.00074836,0.38316656,13.49809379,64000,0.00078386,-0.62276465,13.43424356,327.4379999999998,130217.0,280.02123071,26-07-2026,14:37,872
74.50324464,175157,268.5150000000001,0.0006169,0.24640043,11.150565,64200,0.00063405,-0.76557538,10.85214545,98.22100000000003,17075.0,418.2495658,26-07-2026,14:37,1347
40.09029896,43149,206.649,0.00043966,0.14797639,8.17044419,64400,0.00042802,-0.87598987,7.23882662,33.02399999999999,2032.0,583.57558999,26-07-2026,14:37,8150
23.1815603,41242,135.84600000000006,0.00029111,0.08961473,5.72415403,64600,0.00024986,-0.93871655,4.28271044,27.531000000000006,3000.0,766.48832275,26-07-2026,14:37,15320
14.9852138,21307,68.14300000000004,0.00019386,0.05838847,4.12347031,64800,0.00012899,-0.97236508,2.24733821,7.9329999999999945,1312.0,956.95858436,26-07-2026,14:37,23186
10.8572407,133330,254.5129999999998,0.00013479,0.041396,3.13331451,65000,3.528e-05,-0.99443271,0.56259881,27.531999999999993,2551.0,1154.04690247,26-07-2026,14:37,31545
8.20009896,75934,177.92399999999998,9.458e-05,0.02939663,2.3658645,65200,0.0,-1.0,0.0,11.047999999999998,4942.0,1353.60639201,26-07-2026,14:37,42566
5.25732648,53425,310.6919999999999,6.805e-05,0.02149654,1.82004595,65400,0.0,-1.0,0.0,3.1389999999999985,1578.0,1553.60053302,26-07-2026,14:37,54748
3.077153,17280,85.08400000000002,3.973e-05,0.01152629,1.06656093,65600,0.0,-1.0,0.0,3.5170000000000003,501.0,1753.60003377,26-07-2026,14:37,68419
1.08095159,12383,55.83600000000001,1.809e-05,0.00456271,0.4712472,65800,0.0,-1.0,0.0,2.1500000000000004,791.0,1953.60000162,26-07-2026,14:37,82580
1.86941808,93089,165.49500000000012,2.645e-05,0.00864919,0.83008945,66000,0.0,-1.0,0.0,29.624000000000002,4735.0,2153.60000006,26-07-2026,14:37,96934
16.79262863,125897,173.67300000000006,5.958e-05,0.03368685,2.64790162,66200,0.0,-1.0,0.0,0.5690000000000001,10.0,2353.6,26-07-2026,14:37,112396
0.56487679,24783,52.128,7.74e-06,0.00214992,0.23939177,66400,0.0,-1.0,0.0,,0.0,2553.6,26-07-2026,14:37,131587
0.56334116,7184,31.743000000000006,6.84e-06,0.0020214,0.22637499,66600,0.0,-1.0,0.0,0.005,5.0,2753.6,26-07-2026,14:37,151066
0.56246228,36018,56.246000000000016,6.11e-06,0.00190882,0.21489407,66800,0.0,-1.0,0.0,0.5700000000000001,470.0,2953.6,26-07-2026,14:37,170686
0.5626765,7707,106.36500000000001,4.96e-06,0.00172056,0.19552552,67200,0.0,-1.0,0.0,1.23,610.0,3353.6,26-07-2026,14:37,211252
1.57670495,131304,319.0070000000006,8.19e-06,0.00372983,0.39347171,67600,0.0,-1.0,0.0,4.603999999999999,5003.0,3753.6,26-07-2026,14:37,252082
1645.49030431,545,0.669,7.915e-05,0.96857003,2.45640403,62400,,,,,,,26-07-2026,15:43,55071
1253.98601959,605,0.9470000000000001,0.00014483,0.94272204,3.98973395,62800,0.00011825,-0.03857221,2.9060641,273.72299999999996,45485.0,10.99123522,26-07-2026,15:43,35102
1062.98053244,1059,5.134999999999999,0.00020169,0.91751336,5.28477474,63000,0.00018151,-0.06346608,4.32332172,244.5039999999999,128975.0,18.98644372,26-07-2026,15:43,26021
869.97993509,368,2.122,0.00027207,0.89214759,6.4396784,63200,0.00025857,-0.09033617,5.65650617,133.5130000000001,19812.0,26.48260283,26-07-2026,15:43,19382
682.976821,1452,2.592,0.00037725,0.84955643,8.11496116,63400,0.00037356,-0.13358061,7.4873235,55.67400000000002,14478.0,38.97957066,26-07-2026,15:43,13258
505.9716112,4373,24.174999999999997,0.00052203,0.78064726,10.2678386,63600,0.00053308,-0.20648125,9.9116512,113.47000000000006,33269.0,62.47573644,26-07-2026,15:43,7516
349.17887207,16014,83.11200000000001,0.00067876,0.67205043,12.54800223,63800,0.00070681,-0.31973313,12.41757415,215.7210000000001,81904.0,105.47225306,26-07-2026,15:43,2498
221.26160826,65161,249.47900000000016,0.00077879,0.52851158,13.82211209,64000,0.00081678,-0.47024531,13.81910494,342.66699999999986,133907.0,177.46923211,26-07-2026,15:43,-880
148.38189436,178422,279.47400000000005,0.00068913,0.38446452,13.27246707,64200,0.00078909,-0.63420699,13.06579289,100.96700000000004,16442.0,284.46862002,26-07-2026,15:43,-907
70.14091195,46703,225.973,0.00060915,0.23754346,10.73794958,64400,0.00062683,-0.77685237,10.36896298,33.050999999999995,1930.0,426.18572179,26-07-2026,15:43,6078
38.89617476,40898,141.46600000000007,0.00042987,0.14431637,7.8920448,64600,0.00042102,-0.87661161,7.08587414,27.494000000000014,3000.0,594.94305449,26-07-2026,15:43,12102
23.48442581,26238,74.07800000000003,0.00028702,0.08995804,5.63890714,64800,0.00025198,-0.9355549,4.37514109,9.649999999999997,2297.0,779.48932237,26-07-2026,15:43,18738
14.98920035,139914,256.43399999999974,0.00019067,0.05789524,4.02351273,65000,0.00013489,-0.96959593,2.38988024,27.20899999999999,1564.0,971.49423693,26-07-2026,15:43,25847
10.99104143,75936,170.949,0.00013297,0.0411105,3.06060474,65200,3.987e-05,-0.99337305,0.64492673,9.558999999999997,5123.0,1166.49864911,26-07-2026,15:43,35961
7.99195787,59295,315.721,9.353e-05,0.02923132,2.31316517,65400,0.0,-1.0,0.0,2.691999999999999,1578.0,1365.50405573,26-07-2026,15:43,47125
3.9958177,13964,83.637,5.495e-05,0.01570662,1.36849651,65600,0.0,-1.0,0.0,3.4290000000000003,577.0,1565.50030602,26-07-2026,15:43,59851
1.99747402,36658,78.39200000000001,3.127e-05,0.00832201,0.7882584,65800,0.0,-1.0,0.0,1.7860000000000003,791.0,1765.50001736,26-07-2026,15:43,72952
17.03632753,93029,165.0410000000001,7.724e-05,0.03901733,2.93335129,66000,0.0,-1.0,0.0,32.32200000000001,4735.0,1965.50000074,26-07-2026,15:43,86755
16.53583213,117323,207.96700000000004,6.683e-05,0.03570631,2.72838529,66200,0.0,-1.0,0.0,0.515,30.0,2165.50000002,26-07-2026,15:43,101872
0.54903912,24803,50.819,8.77e-06,0.00228866,0.24886878,66400,0.0,-1.0,0.0,,0.0,2365.5,26-07-2026,15:43,120297
0.54902698,7185,27.93700000000001,7.68e-06,0.00214169,0.23434004,66600,0.0,-1.0,0.0,0.005,5.0,2565.5,26-07-2026,15:43,139031
0.54908065,35984,52.461000000000006,6.8e-06,0.00201415,0.22163957,66800,0.0,-1.0,0.0,0.5700000000000001,470.0,2765.5,26-07-2026,15:43,157907
0.54899771,8657,94.905,5.45e-06,0.00180355,0.20047788,67200,0.0,-1.0,0.0,1.319,631.0,3165.5,26-07-2026,15:43,196991
1.54753819,131303,286.91200000000015,8.89e-06,0.00388739,0.40112502,67600,0.0,-1.0,0.0,4.383999999999999,5003.0,3565.5,26-07-2026,15:43,236375
1632.88538226,545,0.669,8.146e-05,0.96752303,2.50068993,62400,,,,,,,26-07-2026,16:10,57386
1242.30523557,601,1.7530000000000001,0.00015045,0.93948591,4.12743598,62800,0.00012403,-0.04131111,3.04469416,277.81299999999993,46620.0,11.69752841,26-07-2026,16:10,36485
1050.24165517,815,5.411999999999998,0.00020495,0.91667952,5.27626632,63000,0.00018784,-0.06631174,4.43213712,249.72299999999993,137209.0,19.45984438,26-07-2026,16:10,26954
857.71358875,389,2.263,0.00027843,0.89020921,6.46298978,63200,0.00026431,-0.09225285,5.69276513,132.06200000000007,19856.0,26.80628972,26-07-2026,16:10,19982
669.97519949,1461,2.606,0.00038693,0.84688312,8.13535482,63400,0.00038388,-0.13639926,7.52581565,57.294000000000025,13960.0,39.11255589,26-07-2026,16:10,13577
494.57128635,5085,25.177999999999997,0.00053277,0.7757634,10.30283827,63600,0.00054735,-0.21295719,10.0008471,125.40200000000004,35067.0,63.55398074,26-07-2026,16:10,7543
340.68633413,15296,86.24400000000001,0.00068812,0.6617077,12.58670043,63800,0.00071683,-0.33068874,12.47481017,226.45900000000012,89894.0,109.65191594,26-07-2026,16:10,2298
215.90620933,73810,326.42800000000017,0.00077632,0.51643769,13.71903056,64000,0.00081363,-0.48292182,13.71817956,349.5909999999998,138076.0,184.66757431,26-07-2026,16:10,-1337
156.59216158,178688,282.78499999999997,0.000648,0.3811095,13.11656528,64200,0.00077979,-0.64349502,12.8331294,101.30500000000004,16988.0,292.51949507,26-07-2026,16:10,-1225
65.46312869,50289,232.57,0.00060006,0.22462696,10.31277237,64400,0.00061464,-0.78986725,9.92302773,33.047999999999995,2786.0,434.20400881,26-07-2026,16:10,6057
35.42995689,45671,143.1860000000001,0.00041805,0.13540484,7.48836099,64600,0.00040161,-0.88815539,6.54934938,27.186000000000014,2999.0,603.74770689,26-07-2026,16:10,12308
21.06399654,27692,76.02800000000003,0.00027458,0.08297058,5.25959568,64800,0.00023606,-0.94216402,3.98362289,9.890999999999996,1336.0,789.29330266,26-07-2026,16:10,19305
13.64835699,142573,255.4729999999998,0.00018045,0.05333143,3.73649491,65000,0.0001164,-0.97562586,1.96928366,25.71999999999999,1564.0,981.86666091,26-07-2026,16:10,26854
9.27177712,75885,171.44799999999998,0.00012059,0.03531072,2.67883411,65200,0.0,-1.0,1e-08,9.253999999999998,5144.0,1178.03108232,26-07-2026,16:10,37374
6.16270817,58438,317.513,8.101e-05,0.0234785,1.90828702,65400,0.0,-1.0,0.0,2.6769999999999987,1578.0,1378.00294321,26-07-2026,16:10,48939
4.10944047,15350,89.19400000000002,5.431e-05,0.01561344,1.34912269,65600,0.0,-1.0,0.0,3.154000000000001,577.0,1578.00020871,26-07-2026,16:10,62057
2.06061519,36658,78.38700000000001,3.086e-05,0.00826576,0.77640561,65800,0.0,-1.0,0.0,1.7870000000000004,792.0,1778.00001106,26-07-2026,16:10,75591
17.33017918,93029,165.21100000000013,7.642e-05,0.03880704,2.89374054,66000,0.0,-1.0,0.0,32.325,4745.0,1978.00000044,26-07-2026,16:10,89826
16.80630063,104656,214.971,6.618e-05,0.03553021,2.69246622,66200,0.0,-1.0,0.0,0.515,30.0,2178.00000001,26-07-2026,16:10,105372
0.56769431,24825,50.815000000000005,8.69e-06,0.00227883,0.24563576,66400,0.0,-1.0,0.0,,0.0,2378.0,26-07-2026,16:10,123958
0.56647082,7185,27.597000000000005,7.6e-06,0.00213123,0.23116628,66600,0.0,-1.0,0.0,0.005,5.0,2578.0,26-07-2026,16:10,142873
0.56438473,35984,52.32900000000001,6.73e-06,0.00200505,0.2187092,66800,0.0,-1.0,0.0,0.5700000000000001,470.0,2778.0,26-07-2026,16:10,161929
0.56365542,8657,84.15600000000002,5.41e-06,0.00179641,0.19792771,67200,0.0,-1.0,0.0,1.319,631.0,3178.0,26-07-2026,16:10,201373
1.57912988,128182,290.22900000000016,8.83e-06,0.00387414,0.39623726,67600,0.0,-1.0,0.0,4.358999999999999,4978.0,3578.0,26-07-2026,16:10,241118
1640.85778137,545,0.669,7.947e-05,0.96850598,2.43696513,62400,,,,,,,26-07-2026,16:12,57539
1250.08404468,601,1.7530000000000001,0.0001467,0.94159493,4.01248417,62800,0.00011887,-0.03867374,2.88445337,277.81299999999993,46620.0,11.34756098,26-07-2026,16:12,36546
1057.99702829,815,5.411999999999998,0.00020197,0.91820115,5.20122924,63000,0.00018392,-0.06475366,4.34927993,249.72299999999993,137210.0,19.28733107,26-07-2026,16:12,26971
864.89525438,389,2.263,0.00027321,0.89270256,6.35430978,63200,0.00026027,-0.0906432,5.61643904,132.06200000000007,20856.0,26.26793239,26-07-2026,16:12,19957
677.03815929,1461,2.606,0.00037985,0.85064705,7.99830241,63400,0.0003761,-0.13315747,7.39941573,57.294000000000025,13960.0,38.44141774,26-07-2026,16:12,13524
501.21680883,5085,25.177999999999997,0.00052657,0.77962659,10.1965335,63600,0.00053792,-0.20747958,9.84468588,125.40200000000004,35067.0,62.47534289,26-07-2026,16:12,7466
346.61308143,15296,86.24400000000001,0.00067986,0.66857442,12.48048083,63800,0.00070807,-0.32341375,12.35725776,226.45900000000012,89894.0,107.40973635,26-07-2026,16:12,2202
220.21701255,73810,326.42800000000017,0.0007741,0.5248601,13.69807995,64000,0.00080956,-0.47414248,13.69597253,349.5909999999998,139379.0,181.27611928,26-07-2026,16:12,-1430
159.57229568,179308,282.78499999999997,0.00065193,0.3880954,13.18140034,64200,0.00078411,-0.63727213,12.90428092,101.30500000000004,16988.0,287.6562079,26-07-2026,16:12,-1263
67.21104295,50289,232.57,0.00060887,0.23198513,10.4967585,64400,0.00062498,-0.78214519,10.12930884,33.047999999999995,2786.0,427.95739325,26-07-2026,16:12,6103
36.4071847,45671,143.1860000000001,0.00042486,0.13854734,7.60323557,64600,0.00041313,-0.88331992,6.74683501,27.186000000000014,2999.0,597.014325,26-07-2026,16:12,12377
21.9381327,27692,76.02800000000003,0.00028101,0.08600451,5.40080512,64800,0.00024167,-0.94048101,4.07237984,9.890999999999996,1336.0,782.16888273,26-07-2026,16:12,19392
14.07887269,142573,255.4729999999998,0.00018534,0.05508106,3.83148637,65000,0.00011779,-0.9754785,1.97838022,25.71999999999999,1564.0,975.0313716,26-07-2026,16:12,26958
9.35790381,75885,171.44799999999998,0.00012215,0.03554279,2.69209507,65200,0.0,-1.0,2e-08,9.253999999999998,5144.0,1170.0337272,26-07-2026,16:12,37498
6.2598151,58438,317.513,8.169e-05,0.02357892,1.91428623,65400,0.0,-1.0,0.0,2.6769999999999987,1578.0,1370.00322411,26-07-2026,16:12,49079
4.18058389,15350,89.19400000000002,5.472e-05,0.01567264,1.35286043,65600,0.0,-1.0,0.0,3.154000000000001,577.0,1570.00023077,26-07-2026,16:12,62212
2.08292436,36658,78.38700000000001,3.115e-05,0.00830546,0.77933789,65800,0.0,-1.0,0.0,1.7870000000000004,792.0,1770.00001234,26-07-2026,16:12,75759
17.42826413,93029,165.21100000000013,7.7e-05,0.03895561,2.90150146,66000,0.0,-1.0,0.0,32.325,4745.0,1970.00000049,26-07-2026,16:12,90006
16.89971264,104656,214.971,6.664e-05,0.03565464,2.69902247,66200,0.0,-1.0,0.0,0.515,30.0,2170.00000001,26-07-2026,16:12,105569
0.57300143,24825,50.815000000000005,8.74e-06,0.0022851,0.24613647,66400,0.0,-1.0,0.0,,0.0,2370.0,26-07-2026,16:12,124169
0.57150053,7185,27.597000000000005,7.66e-06,0.00213862,0.23179234,66600,0.0,-1.0,0.0,0.005,5.0,2570.0,26-07-2026,16:12,143096
0.56975256,35984,52.32900000000001,6.78e-06,0.00201149,0.21925122,66800,0.0,-1.0,0.0,0.5700000000000001,470.0,2770.0,26-07-2026,16:12,162165
0.56793703,8657,84.15600000000002,5.44e-06,0.00180144,0.19834621,67200,0.0,-1.0,0.0,1.319,631.0,3170.0,26-07-2026,16:12,201635
1.58833826,128182,290.22900000000016,8.87e-06,0.0038835,0.39692323,67600,0.0,-1.0,0.0,4.358999999999999,4978.0,3570.0,26-07-2026,16:12,241404
